10 Mar 2026 12:33:36,497 INFO com.sismics.util.jpa.EMF.getEntityManagerProperties(EMF.java:67) Configuring EntityManager from hibernate.properties 
10 Mar 2026 12:33:39,919 INFO com.sismics.util.jpa.DbOpenHelper.open(DbOpenHelper.java:57) Opening database and executing incremental updates 
10 Mar 2026 12:33:39,924 INFO com.sismics.util.jpa.DbOpenHelper.open(DbOpenHelper.java:83) Unable to get database version: Table T_CONFIG not found 
10 Mar 2026 12:33:39,925 INFO com.sismics.util.jpa.DbOpenHelper.open(DbOpenHelper.java:98) Executing initial schema creation script 
10 Mar 2026 12:33:39,946 INFO com.sismics.util.jpa.DbOpenHelper.executeAllScript(DbOpenHelper.java:142) Executing script: dbupdate-000-0.sql 
10 Mar 2026 12:33:40,159 INFO com.sismics.util.jpa.DbOpenHelper.executeAllScript(DbOpenHelper.java:142) Executing script: dbupdate-000-1.sql 
10 Mar 2026 12:33:40,190 INFO com.sismics.util.jpa.DbOpenHelper.open(DbOpenHelper.java:106) Found database version 0, new version is 31, executing database incremental update scripts 
10 Mar 2026 12:33:40,192 INFO com.sismics.util.jpa.DbOpenHelper.executeAllScript(DbOpenHelper.java:142) Executing script: dbupdate-001-0.sql 
10 Mar 2026 12:33:40,240 INFO com.sismics.util.jpa.DbOpenHelper.executeAllScript(DbOpenHelper.java:142) Executing script: dbupdate-002-0.sql 
10 Mar 2026 12:33:40,249 INFO com.sismics.util.jpa.DbOpenHelper.executeAllScript(DbOpenHelper.java:142) Executing script: dbupdate-003-0.sql 
10 Mar 2026 12:33:40,260 INFO com.sismics.util.jpa.DbOpenHelper.executeAllScript(DbOpenHelper.java:142) Executing script: dbupdate-004-0.sql 
10 Mar 2026 12:33:40,276 INFO com.sismics.util.jpa.DbOpenHelper.executeAllScript(DbOpenHelper.java:142) Executing script: dbupdate-005-0.sql 
10 Mar 2026 12:33:40,281 INFO com.sismics.util.jpa.DbOpenHelper.executeAllScript(DbOpenHelper.java:142) Executing script: dbupdate-006-0.sql 
10 Mar 2026 12:33:40,426 INFO com.sismics.util.jpa.DbOpenHelper.executeAllScript(DbOpenHelper.java:142) Executing script: dbupdate-007-0.sql 
10 Mar 2026 12:33:40,435 INFO com.sismics.util.jpa.DbOpenHelper.executeAllScript(DbOpenHelper.java:142) Executing script: dbupdate-008-0.sql 
10 Mar 2026 12:33:40,443 INFO com.sismics.util.jpa.DbOpenHelper.executeAllScript(DbOpenHelper.java:142) Executing script: dbupdate-009-0.sql 
10 Mar 2026 12:33:40,453 INFO com.sismics.util.jpa.DbOpenHelper.executeAllScript(DbOpenHelper.java:142) Executing script: dbupdate-010-0.sql 
10 Mar 2026 12:33:40,461 INFO com.sismics.util.jpa.DbOpenHelper.executeAllScript(DbOpenHelper.java:142) Executing script: dbupdate-011-0.sql 
10 Mar 2026 12:33:40,470 INFO com.sismics.util.jpa.DbOpenHelper.executeAllScript(DbOpenHelper.java:142) Executing script: dbupdate-012-0.sql 
10 Mar 2026 12:33:40,479 INFO com.sismics.util.jpa.DbOpenHelper.executeAllScript(DbOpenHelper.java:142) Executing script: dbupdate-013-0.sql 
10 Mar 2026 12:33:40,485 INFO com.sismics.util.jpa.DbOpenHelper.executeAllScript(DbOpenHelper.java:142) Executing script: dbupdate-014-0.sql 
10 Mar 2026 12:33:40,494 INFO com.sismics.util.jpa.DbOpenHelper.executeAllScript(DbOpenHelper.java:142) Executing script: dbupdate-015-0.sql 
10 Mar 2026 12:33:40,512 INFO com.sismics.util.jpa.DbOpenHelper.executeAllScript(DbOpenHelper.java:142) Executing script: dbupdate-016-0.sql 
10 Mar 2026 12:33:40,518 INFO com.sismics.util.jpa.DbOpenHelper.executeAllScript(DbOpenHelper.java:142) Executing script: dbupdate-017-0.sql 
10 Mar 2026 12:33:40,526 INFO com.sismics.util.jpa.DbOpenHelper.executeAllScript(DbOpenHelper.java:142) Executing script: dbupdate-018-0.sql 
10 Mar 2026 12:33:40,585 INFO com.sismics.util.jpa.DbOpenHelper.executeAllScript(DbOpenHelper.java:142) Executing script: dbupdate-019-0.sql 
10 Mar 2026 12:33:40,589 INFO com.sismics.util.jpa.DbOpenHelper.executeAllScript(DbOpenHelper.java:142) Executing script: dbupdate-020-0.sql 
10 Mar 2026 12:33:40,594 INFO com.sismics.util.jpa.DbOpenHelper.executeAllScript(DbOpenHelper.java:142) Executing script: dbupdate-021-0.sql 
10 Mar 2026 12:33:40,604 INFO com.sismics.util.jpa.DbOpenHelper.executeAllScript(DbOpenHelper.java:142) Executing script: dbupdate-022-0.sql 
10 Mar 2026 12:33:40,616 INFO com.sismics.util.jpa.DbOpenHelper.executeAllScript(DbOpenHelper.java:142) Executing script: dbupdate-023-0.sql 
10 Mar 2026 12:33:40,624 INFO com.sismics.util.jpa.DbOpenHelper.executeAllScript(DbOpenHelper.java:142) Executing script: dbupdate-024-0.sql 
10 Mar 2026 12:33:40,631 INFO com.sismics.util.jpa.DbOpenHelper.executeAllScript(DbOpenHelper.java:142) Executing script: dbupdate-025-0.sql 
10 Mar 2026 12:33:40,635 INFO com.sismics.util.jpa.DbOpenHelper.executeAllScript(DbOpenHelper.java:142) Executing script: dbupdate-026-0.sql 
10 Mar 2026 12:33:40,640 INFO com.sismics.util.jpa.DbOpenHelper.executeAllScript(DbOpenHelper.java:142) Executing script: dbupdate-027-0.sql 
10 Mar 2026 12:33:40,645 INFO com.sismics.util.jpa.DbOpenHelper.executeAllScript(DbOpenHelper.java:142) Executing script: dbupdate-028-0.sql 
10 Mar 2026 12:33:40,649 INFO com.sismics.util.jpa.DbOpenHelper.executeAllScript(DbOpenHelper.java:142) Executing script: dbupdate-029-0.sql 
10 Mar 2026 12:33:40,656 INFO com.sismics.util.jpa.DbOpenHelper.executeAllScript(DbOpenHelper.java:142) Executing script: dbupdate-030-0.sql 
10 Mar 2026 12:33:40,660 INFO com.sismics.util.jpa.DbOpenHelper.executeAllScript(DbOpenHelper.java:142) Executing script: dbupdate-031-0.sql 
10 Mar 2026 12:33:40,663 INFO com.sismics.util.jpa.DbOpenHelper.open(DbOpenHelper.java:108) Database upgrade complete 
10 Mar 2026 12:33:40,665 INFO com.sismics.util.jpa.EMF.getEntityManagerProperties(EMF.java:67) Configuring EntityManager from hibernate.properties 
10 Mar 2026 12:33:53,130 INFO com.sismics.util.ClasspathScanner.findClasses(ClasspathScanner.java:48) Found 1 classes for IndexingHandler 
10 Mar 2026 12:33:53,479 INFO com.sismics.docs.core.util.indexing.LuceneIndexingHandler.initLucene(LuceneIndexingHandler.java:129) Using RAM Lucene storage 
10 Mar 2026 12:33:54,203 INFO com.sismics.docs.core.service.FileService.startUp(FileService.java:39) File service starting up 
10 Mar 2026 12:33:54,247 INFO com.sismics.docs.core.service.InboxService.startUp(InboxService.java:52) Inbox service starting up 
10 Mar 2026 12:33:54,255 INFO com.sismics.docs.core.service.FileSizeService.startUp(FileSizeService.java:30) File size service starting up 
10 Mar 2026 12:33:55,306 INFO com.sismics.docs.core.service.FileSizeService.lambda$runOneIteration$0(FileSizeService.java:50) No more file to process, stopping the service 
10 Mar 2026 12:33:55,311 INFO com.sismics.docs.core.service.FileSizeService.shutDown(FileSizeService.java:35) File size service shutting down 
10 Mar 2026 12:34:13,355 INFO com.sismics.util.ClasspathScanner.findClasses(ClasspathScanner.java:48) Found 2 classes for AuthenticationHandler 
10 Mar 2026 12:42:49,560 INFO com.sismics.docs.core.service.InboxService.shutDown(InboxService.java:57) Inbox service shutting down 
10 Mar 2026 12:42:49,561 INFO com.sismics.docs.core.service.FileService.shutDown(FileService.java:44) File service shutting down 
10 Mar 2026 12:43:01,632 INFO com.sismics.util.jpa.EMF.getEntityManagerProperties(EMF.java:67) Configuring EntityManager from hibernate.properties 
10 Mar 2026 12:43:05,113 INFO com.sismics.util.jpa.DbOpenHelper.open(DbOpenHelper.java:57) Opening database and executing incremental updates 
10 Mar 2026 12:43:05,118 INFO com.sismics.util.jpa.DbOpenHelper.open(DbOpenHelper.java:83) Unable to get database version: Table T_CONFIG not found 
10 Mar 2026 12:43:05,119 INFO com.sismics.util.jpa.DbOpenHelper.open(DbOpenHelper.java:98) Executing initial schema creation script 
10 Mar 2026 12:43:05,137 INFO com.sismics.util.jpa.DbOpenHelper.executeAllScript(DbOpenHelper.java:142) Executing script: dbupdate-000-0.sql 
10 Mar 2026 12:43:02,784 INFO com.sismics.util.jpa.DbOpenHelper.executeAllScript(DbOpenHelper.java:142) Executing script: dbupdate-000-1.sql 
10 Mar 2026 12:43:02,814 INFO com.sismics.util.jpa.DbOpenHelper.open(DbOpenHelper.java:106) Found database version 0, new version is 31, executing database incremental update scripts 
10 Mar 2026 12:43:02,816 INFO com.sismics.util.jpa.DbOpenHelper.executeAllScript(DbOpenHelper.java:142) Executing script: dbupdate-001-0.sql 
10 Mar 2026 12:43:02,857 INFO com.sismics.util.jpa.DbOpenHelper.executeAllScript(DbOpenHelper.java:142) Executing script: dbupdate-002-0.sql 
10 Mar 2026 12:43:02,873 INFO com.sismics.util.jpa.DbOpenHelper.executeAllScript(DbOpenHelper.java:142) Executing script: dbupdate-003-0.sql 
10 Mar 2026 12:43:02,881 INFO com.sismics.util.jpa.DbOpenHelper.executeAllScript(DbOpenHelper.java:142) Executing script: dbupdate-004-0.sql 
10 Mar 2026 12:43:02,895 INFO com.sismics.util.jpa.DbOpenHelper.executeAllScript(DbOpenHelper.java:142) Executing script: dbupdate-005-0.sql 
10 Mar 2026 12:43:02,900 INFO com.sismics.util.jpa.DbOpenHelper.executeAllScript(DbOpenHelper.java:142) Executing script: dbupdate-006-0.sql 
10 Mar 2026 12:43:03,007 INFO com.sismics.util.jpa.DbOpenHelper.executeAllScript(DbOpenHelper.java:142) Executing script: dbupdate-007-0.sql 
10 Mar 2026 12:43:03,015 INFO com.sismics.util.jpa.DbOpenHelper.executeAllScript(DbOpenHelper.java:142) Executing script: dbupdate-008-0.sql 
10 Mar 2026 12:43:03,023 INFO com.sismics.util.jpa.DbOpenHelper.executeAllScript(DbOpenHelper.java:142) Executing script: dbupdate-009-0.sql 
10 Mar 2026 12:43:03,032 INFO com.sismics.util.jpa.DbOpenHelper.executeAllScript(DbOpenHelper.java:142) Executing script: dbupdate-010-0.sql 
10 Mar 2026 12:43:03,038 INFO com.sismics.util.jpa.DbOpenHelper.executeAllScript(DbOpenHelper.java:142) Executing script: dbupdate-011-0.sql 
10 Mar 2026 12:43:03,045 INFO com.sismics.util.jpa.DbOpenHelper.executeAllScript(DbOpenHelper.java:142) Executing script: dbupdate-012-0.sql 
10 Mar 2026 12:43:03,054 INFO com.sismics.util.jpa.DbOpenHelper.executeAllScript(DbOpenHelper.java:142) Executing script: dbupdate-013-0.sql 
10 Mar 2026 12:43:03,059 INFO com.sismics.util.jpa.DbOpenHelper.executeAllScript(DbOpenHelper.java:142) Executing script: dbupdate-014-0.sql 
10 Mar 2026 12:43:03,067 INFO com.sismics.util.jpa.DbOpenHelper.executeAllScript(DbOpenHelper.java:142) Executing script: dbupdate-015-0.sql 
10 Mar 2026 12:43:03,081 INFO com.sismics.util.jpa.DbOpenHelper.executeAllScript(DbOpenHelper.java:142) Executing script: dbupdate-016-0.sql 
10 Mar 2026 12:43:03,086 INFO com.sismics.util.jpa.DbOpenHelper.executeAllScript(DbOpenHelper.java:142) Executing script: dbupdate-017-0.sql 
10 Mar 2026 12:43:03,093 INFO com.sismics.util.jpa.DbOpenHelper.executeAllScript(DbOpenHelper.java:142) Executing script: dbupdate-018-0.sql 
10 Mar 2026 12:43:03,139 INFO com.sismics.util.jpa.DbOpenHelper.executeAllScript(DbOpenHelper.java:142) Executing script: dbupdate-019-0.sql 
10 Mar 2026 12:43:03,143 INFO com.sismics.util.jpa.DbOpenHelper.executeAllScript(DbOpenHelper.java:142) Executing script: dbupdate-020-0.sql 
10 Mar 2026 12:43:03,147 INFO com.sismics.util.jpa.DbOpenHelper.executeAllScript(DbOpenHelper.java:142) Executing script: dbupdate-021-0.sql 
10 Mar 2026 12:43:03,157 INFO com.sismics.util.jpa.DbOpenHelper.executeAllScript(DbOpenHelper.java:142) Executing script: dbupdate-022-0.sql 
10 Mar 2026 12:43:03,167 INFO com.sismics.util.jpa.DbOpenHelper.executeAllScript(DbOpenHelper.java:142) Executing script: dbupdate-023-0.sql 
10 Mar 2026 12:43:03,173 INFO com.sismics.util.jpa.DbOpenHelper.executeAllScript(DbOpenHelper.java:142) Executing script: dbupdate-024-0.sql 
10 Mar 2026 12:43:03,179 INFO com.sismics.util.jpa.DbOpenHelper.executeAllScript(DbOpenHelper.java:142) Executing script: dbupdate-025-0.sql 
10 Mar 2026 12:43:03,184 INFO com.sismics.util.jpa.DbOpenHelper.executeAllScript(DbOpenHelper.java:142) Executing script: dbupdate-026-0.sql 
10 Mar 2026 12:43:03,189 INFO com.sismics.util.jpa.DbOpenHelper.executeAllScript(DbOpenHelper.java:142) Executing script: dbupdate-027-0.sql 
10 Mar 2026 12:43:03,192 INFO com.sismics.util.jpa.DbOpenHelper.executeAllScript(DbOpenHelper.java:142) Executing script: dbupdate-028-0.sql 
10 Mar 2026 12:43:03,196 INFO com.sismics.util.jpa.DbOpenHelper.executeAllScript(DbOpenHelper.java:142) Executing script: dbupdate-029-0.sql 
10 Mar 2026 12:43:03,202 INFO com.sismics.util.jpa.DbOpenHelper.executeAllScript(DbOpenHelper.java:142) Executing script: dbupdate-030-0.sql 
10 Mar 2026 12:43:03,206 INFO com.sismics.util.jpa.DbOpenHelper.executeAllScript(DbOpenHelper.java:142) Executing script: dbupdate-031-0.sql 
10 Mar 2026 12:43:03,209 INFO com.sismics.util.jpa.DbOpenHelper.open(DbOpenHelper.java:108) Database upgrade complete 
10 Mar 2026 12:43:03,210 INFO com.sismics.util.jpa.EMF.getEntityManagerProperties(EMF.java:67) Configuring EntityManager from hibernate.properties 
10 Mar 2026 12:43:14,379 INFO com.sismics.util.ClasspathScanner.findClasses(ClasspathScanner.java:48) Found 1 classes for IndexingHandler 
10 Mar 2026 12:43:14,708 INFO com.sismics.docs.core.util.indexing.LuceneIndexingHandler.initLucene(LuceneIndexingHandler.java:129) Using RAM Lucene storage 
10 Mar 2026 12:43:15,386 INFO com.sismics.docs.core.service.FileService.startUp(FileService.java:39) File service starting up 
10 Mar 2026 12:43:15,429 INFO com.sismics.docs.core.service.InboxService.startUp(InboxService.java:52) Inbox service starting up 
10 Mar 2026 12:43:15,437 INFO com.sismics.docs.core.service.FileSizeService.startUp(FileSizeService.java:30) File size service starting up 
10 Mar 2026 12:43:16,412 INFO com.sismics.docs.core.service.FileSizeService.lambda$runOneIteration$0(FileSizeService.java:50) No more file to process, stopping the service 
10 Mar 2026 12:43:16,418 INFO com.sismics.docs.core.service.FileSizeService.shutDown(FileSizeService.java:35) File size service shutting down 
10 Mar 2026 12:44:47,306 INFO com.sismics.util.ClasspathScanner.findClasses(ClasspathScanner.java:48) Found 2 classes for AuthenticationHandler 
10 Mar 2026 12:50:59,888 INFO com.sismics.docs.core.service.InboxService.shutDown(InboxService.java:57) Inbox service shutting down 
10 Mar 2026 12:50:59,888 INFO com.sismics.docs.core.service.FileService.shutDown(FileService.java:44) File service shutting down 
10 Mar 2026 12:51:10,425 INFO com.sismics.util.jpa.EMF.getEntityManagerProperties(EMF.java:67) Configuring EntityManager from hibernate.properties 
10 Mar 2026 12:51:13,843 INFO com.sismics.util.jpa.DbOpenHelper.open(DbOpenHelper.java:57) Opening database and executing incremental updates 
10 Mar 2026 12:51:13,848 INFO com.sismics.util.jpa.DbOpenHelper.open(DbOpenHelper.java:83) Unable to get database version: Table T_CONFIG not found 
10 Mar 2026 12:51:13,848 INFO com.sismics.util.jpa.DbOpenHelper.open(DbOpenHelper.java:98) Executing initial schema creation script 
10 Mar 2026 12:51:13,868 INFO com.sismics.util.jpa.DbOpenHelper.executeAllScript(DbOpenHelper.java:142) Executing script: dbupdate-000-0.sql 
10 Mar 2026 12:51:14,021 INFO com.sismics.util.jpa.DbOpenHelper.executeAllScript(DbOpenHelper.java:142) Executing script: dbupdate-000-1.sql 
10 Mar 2026 12:51:14,053 INFO com.sismics.util.jpa.DbOpenHelper.open(DbOpenHelper.java:106) Found database version 0, new version is 31, executing database incremental update scripts 
10 Mar 2026 12:51:14,056 INFO com.sismics.util.jpa.DbOpenHelper.executeAllScript(DbOpenHelper.java:142) Executing script: dbupdate-001-0.sql 
10 Mar 2026 12:51:14,093 INFO com.sismics.util.jpa.DbOpenHelper.executeAllScript(DbOpenHelper.java:142) Executing script: dbupdate-002-0.sql 
10 Mar 2026 12:51:14,101 INFO com.sismics.util.jpa.DbOpenHelper.executeAllScript(DbOpenHelper.java:142) Executing script: dbupdate-003-0.sql 
10 Mar 2026 12:51:14,108 INFO com.sismics.util.jpa.DbOpenHelper.executeAllScript(DbOpenHelper.java:142) Executing script: dbupdate-004-0.sql 
10 Mar 2026 12:51:14,121 INFO com.sismics.util.jpa.DbOpenHelper.executeAllScript(DbOpenHelper.java:142) Executing script: dbupdate-005-0.sql 
10 Mar 2026 12:51:14,126 INFO com.sismics.util.jpa.DbOpenHelper.executeAllScript(DbOpenHelper.java:142) Executing script: dbupdate-006-0.sql 
10 Mar 2026 12:51:14,249 INFO com.sismics.util.jpa.DbOpenHelper.executeAllScript(DbOpenHelper.java:142) Executing script: dbupdate-007-0.sql 
10 Mar 2026 12:51:14,257 INFO com.sismics.util.jpa.DbOpenHelper.executeAllScript(DbOpenHelper.java:142) Executing script: dbupdate-008-0.sql 
10 Mar 2026 12:51:14,265 INFO com.sismics.util.jpa.DbOpenHelper.executeAllScript(DbOpenHelper.java:142) Executing script: dbupdate-009-0.sql 
10 Mar 2026 12:51:14,275 INFO com.sismics.util.jpa.DbOpenHelper.executeAllScript(DbOpenHelper.java:142) Executing script: dbupdate-010-0.sql 
10 Mar 2026 12:51:14,281 INFO com.sismics.util.jpa.DbOpenHelper.executeAllScript(DbOpenHelper.java:142) Executing script: dbupdate-011-0.sql 
10 Mar 2026 12:51:14,289 INFO com.sismics.util.jpa.DbOpenHelper.executeAllScript(DbOpenHelper.java:142) Executing script: dbupdate-012-0.sql 
10 Mar 2026 12:51:14,297 INFO com.sismics.util.jpa.DbOpenHelper.executeAllScript(DbOpenHelper.java:142) Executing script: dbupdate-013-0.sql 
10 Mar 2026 12:51:14,303 INFO com.sismics.util.jpa.DbOpenHelper.executeAllScript(DbOpenHelper.java:142) Executing script: dbupdate-014-0.sql 
10 Mar 2026 12:51:14,311 INFO com.sismics.util.jpa.DbOpenHelper.executeAllScript(DbOpenHelper.java:142) Executing script: dbupdate-015-0.sql 
10 Mar 2026 12:51:14,326 INFO com.sismics.util.jpa.DbOpenHelper.executeAllScript(DbOpenHelper.java:142) Executing script: dbupdate-016-0.sql 
10 Mar 2026 12:51:14,330 INFO com.sismics.util.jpa.DbOpenHelper.executeAllScript(DbOpenHelper.java:142) Executing script: dbupdate-017-0.sql 
10 Mar 2026 12:51:14,337 INFO com.sismics.util.jpa.DbOpenHelper.executeAllScript(DbOpenHelper.java:142) Executing script: dbupdate-018-0.sql 
10 Mar 2026 12:51:14,387 INFO com.sismics.util.jpa.DbOpenHelper.executeAllScript(DbOpenHelper.java:142) Executing script: dbupdate-019-0.sql 
10 Mar 2026 12:51:14,392 INFO com.sismics.util.jpa.DbOpenHelper.executeAllScript(DbOpenHelper.java:142) Executing script: dbupdate-020-0.sql 
10 Mar 2026 12:51:14,397 INFO com.sismics.util.jpa.DbOpenHelper.executeAllScript(DbOpenHelper.java:142) Executing script: dbupdate-021-0.sql 
10 Mar 2026 12:51:14,407 INFO com.sismics.util.jpa.DbOpenHelper.executeAllScript(DbOpenHelper.java:142) Executing script: dbupdate-022-0.sql 
10 Mar 2026 12:51:14,418 INFO com.sismics.util.jpa.DbOpenHelper.executeAllScript(DbOpenHelper.java:142) Executing script: dbupdate-023-0.sql 
10 Mar 2026 12:51:14,424 INFO com.sismics.util.jpa.DbOpenHelper.executeAllScript(DbOpenHelper.java:142) Executing script: dbupdate-024-0.sql 
10 Mar 2026 12:51:14,433 INFO com.sismics.util.jpa.DbOpenHelper.executeAllScript(DbOpenHelper.java:142) Executing script: dbupdate-025-0.sql 
10 Mar 2026 12:51:14,438 INFO com.sismics.util.jpa.DbOpenHelper.executeAllScript(DbOpenHelper.java:142) Executing script: dbupdate-026-0.sql 
10 Mar 2026 12:51:14,442 INFO com.sismics.util.jpa.DbOpenHelper.executeAllScript(DbOpenHelper.java:142) Executing script: dbupdate-027-0.sql 
10 Mar 2026 12:51:14,446 INFO com.sismics.util.jpa.DbOpenHelper.executeAllScript(DbOpenHelper.java:142) Executing script: dbupdate-028-0.sql 
10 Mar 2026 12:51:14,451 INFO com.sismics.util.jpa.DbOpenHelper.executeAllScript(DbOpenHelper.java:142) Executing script: dbupdate-029-0.sql 
10 Mar 2026 12:51:14,458 INFO com.sismics.util.jpa.DbOpenHelper.executeAllScript(DbOpenHelper.java:142) Executing script: dbupdate-030-0.sql 
10 Mar 2026 12:51:14,462 INFO com.sismics.util.jpa.DbOpenHelper.executeAllScript(DbOpenHelper.java:142) Executing script: dbupdate-031-0.sql 
10 Mar 2026 12:51:14,464 INFO com.sismics.util.jpa.DbOpenHelper.open(DbOpenHelper.java:108) Database upgrade complete 
10 Mar 2026 12:51:14,470 INFO com.sismics.util.jpa.EMF.getEntityManagerProperties(EMF.java:67) Configuring EntityManager from hibernate.properties 
10 Mar 2026 12:51:24,903 INFO com.sismics.util.ClasspathScanner.findClasses(ClasspathScanner.java:48) Found 1 classes for IndexingHandler 
10 Mar 2026 12:51:25,247 INFO com.sismics.docs.core.util.indexing.LuceneIndexingHandler.initLucene(LuceneIndexingHandler.java:129) Using RAM Lucene storage 
10 Mar 2026 12:51:25,970 INFO com.sismics.docs.core.service.FileService.startUp(FileService.java:39) File service starting up 
10 Mar 2026 12:51:26,015 INFO com.sismics.docs.core.service.InboxService.startUp(InboxService.java:52) Inbox service starting up 
10 Mar 2026 12:51:26,022 INFO com.sismics.docs.core.service.FileSizeService.startUp(FileSizeService.java:30) File size service starting up 
10 Mar 2026 12:51:27,056 INFO com.sismics.docs.core.service.FileSizeService.lambda$runOneIteration$0(FileSizeService.java:50) No more file to process, stopping the service 
10 Mar 2026 12:51:27,062 INFO com.sismics.docs.core.service.FileSizeService.shutDown(FileSizeService.java:35) File size service shutting down 
10 Mar 2026 12:52:42,963 INFO com.sismics.docs.core.service.InboxService.shutDown(InboxService.java:57) Inbox service shutting down 
10 Mar 2026 12:52:42,964 INFO com.sismics.docs.core.service.FileService.shutDown(FileService.java:44) File service shutting down 
10 Mar 2026 12:53:59,930 INFO com.sismics.util.jpa.EMF.getEntityManagerProperties(EMF.java:67) Configuring EntityManager from hibernate.properties 
10 Mar 2026 12:54:03,353 INFO com.sismics.util.jpa.DbOpenHelper.open(DbOpenHelper.java:57) Opening database and executing incremental updates 
10 Mar 2026 12:54:03,357 INFO com.sismics.util.jpa.DbOpenHelper.open(DbOpenHelper.java:83) Unable to get database version: Table T_CONFIG not found 
10 Mar 2026 12:54:03,358 INFO com.sismics.util.jpa.DbOpenHelper.open(DbOpenHelper.java:98) Executing initial schema creation script 
10 Mar 2026 12:54:03,376 INFO com.sismics.util.jpa.DbOpenHelper.executeAllScript(DbOpenHelper.java:142) Executing script: dbupdate-000-0.sql 
10 Mar 2026 12:54:01,034 INFO com.sismics.util.jpa.DbOpenHelper.executeAllScript(DbOpenHelper.java:142) Executing script: dbupdate-000-1.sql 
10 Mar 2026 12:54:01,059 INFO com.sismics.util.jpa.DbOpenHelper.open(DbOpenHelper.java:106) Found database version 0, new version is 31, executing database incremental update scripts 
10 Mar 2026 12:54:01,062 INFO com.sismics.util.jpa.DbOpenHelper.executeAllScript(DbOpenHelper.java:142) Executing script: dbupdate-001-0.sql 
10 Mar 2026 12:54:01,100 INFO com.sismics.util.jpa.DbOpenHelper.executeAllScript(DbOpenHelper.java:142) Executing script: dbupdate-002-0.sql 
10 Mar 2026 12:54:01,108 INFO com.sismics.util.jpa.DbOpenHelper.executeAllScript(DbOpenHelper.java:142) Executing script: dbupdate-003-0.sql 
10 Mar 2026 12:54:01,117 INFO com.sismics.util.jpa.DbOpenHelper.executeAllScript(DbOpenHelper.java:142) Executing script: dbupdate-004-0.sql 
10 Mar 2026 12:54:01,131 INFO com.sismics.util.jpa.DbOpenHelper.executeAllScript(DbOpenHelper.java:142) Executing script: dbupdate-005-0.sql 
10 Mar 2026 12:54:01,136 INFO com.sismics.util.jpa.DbOpenHelper.executeAllScript(DbOpenHelper.java:142) Executing script: dbupdate-006-0.sql 
10 Mar 2026 12:54:01,250 INFO com.sismics.util.jpa.DbOpenHelper.executeAllScript(DbOpenHelper.java:142) Executing script: dbupdate-007-0.sql 
10 Mar 2026 12:54:01,258 INFO com.sismics.util.jpa.DbOpenHelper.executeAllScript(DbOpenHelper.java:142) Executing script: dbupdate-008-0.sql 
10 Mar 2026 12:54:01,266 INFO com.sismics.util.jpa.DbOpenHelper.executeAllScript(DbOpenHelper.java:142) Executing script: dbupdate-009-0.sql 
10 Mar 2026 12:54:01,275 INFO com.sismics.util.jpa.DbOpenHelper.executeAllScript(DbOpenHelper.java:142) Executing script: dbupdate-010-0.sql 
10 Mar 2026 12:54:01,281 INFO com.sismics.util.jpa.DbOpenHelper.executeAllScript(DbOpenHelper.java:142) Executing script: dbupdate-011-0.sql 
10 Mar 2026 12:54:01,290 INFO com.sismics.util.jpa.DbOpenHelper.executeAllScript(DbOpenHelper.java:142) Executing script: dbupdate-012-0.sql 
10 Mar 2026 12:54:01,299 INFO com.sismics.util.jpa.DbOpenHelper.executeAllScript(DbOpenHelper.java:142) Executing script: dbupdate-013-0.sql 
10 Mar 2026 12:54:01,305 INFO com.sismics.util.jpa.DbOpenHelper.executeAllScript(DbOpenHelper.java:142) Executing script: dbupdate-014-0.sql 
10 Mar 2026 12:54:01,313 INFO com.sismics.util.jpa.DbOpenHelper.executeAllScript(DbOpenHelper.java:142) Executing script: dbupdate-015-0.sql 
10 Mar 2026 12:54:01,330 INFO com.sismics.util.jpa.DbOpenHelper.executeAllScript(DbOpenHelper.java:142) Executing script: dbupdate-016-0.sql 
10 Mar 2026 12:54:01,336 INFO com.sismics.util.jpa.DbOpenHelper.executeAllScript(DbOpenHelper.java:142) Executing script: dbupdate-017-0.sql 
10 Mar 2026 12:54:01,343 INFO com.sismics.util.jpa.DbOpenHelper.executeAllScript(DbOpenHelper.java:142) Executing script: dbupdate-018-0.sql 
10 Mar 2026 12:54:01,391 INFO com.sismics.util.jpa.DbOpenHelper.executeAllScript(DbOpenHelper.java:142) Executing script: dbupdate-019-0.sql 
10 Mar 2026 12:54:01,395 INFO com.sismics.util.jpa.DbOpenHelper.executeAllScript(DbOpenHelper.java:142) Executing script: dbupdate-020-0.sql 
10 Mar 2026 12:54:01,400 INFO com.sismics.util.jpa.DbOpenHelper.executeAllScript(DbOpenHelper.java:142) Executing script: dbupdate-021-0.sql 
10 Mar 2026 12:54:01,409 INFO com.sismics.util.jpa.DbOpenHelper.executeAllScript(DbOpenHelper.java:142) Executing script: dbupdate-022-0.sql 
10 Mar 2026 12:54:01,418 INFO com.sismics.util.jpa.DbOpenHelper.executeAllScript(DbOpenHelper.java:142) Executing script: dbupdate-023-0.sql 
10 Mar 2026 12:54:01,424 INFO com.sismics.util.jpa.DbOpenHelper.executeAllScript(DbOpenHelper.java:142) Executing script: dbupdate-024-0.sql 
10 Mar 2026 12:54:01,430 INFO com.sismics.util.jpa.DbOpenHelper.executeAllScript(DbOpenHelper.java:142) Executing script: dbupdate-025-0.sql 
10 Mar 2026 12:54:01,434 INFO com.sismics.util.jpa.DbOpenHelper.executeAllScript(DbOpenHelper.java:142) Executing script: dbupdate-026-0.sql 
10 Mar 2026 12:54:01,438 INFO com.sismics.util.jpa.DbOpenHelper.executeAllScript(DbOpenHelper.java:142) Executing script: dbupdate-027-0.sql 
10 Mar 2026 12:54:01,442 INFO com.sismics.util.jpa.DbOpenHelper.executeAllScript(DbOpenHelper.java:142) Executing script: dbupdate-028-0.sql 
10 Mar 2026 12:54:01,446 INFO com.sismics.util.jpa.DbOpenHelper.executeAllScript(DbOpenHelper.java:142) Executing script: dbupdate-029-0.sql 
10 Mar 2026 12:54:01,452 INFO com.sismics.util.jpa.DbOpenHelper.executeAllScript(DbOpenHelper.java:142) Executing script: dbupdate-030-0.sql 
10 Mar 2026 12:54:01,456 INFO com.sismics.util.jpa.DbOpenHelper.executeAllScript(DbOpenHelper.java:142) Executing script: dbupdate-031-0.sql 
10 Mar 2026 12:54:01,459 INFO com.sismics.util.jpa.DbOpenHelper.open(DbOpenHelper.java:108) Database upgrade complete 
10 Mar 2026 12:54:01,461 INFO com.sismics.util.jpa.EMF.getEntityManagerProperties(EMF.java:67) Configuring EntityManager from hibernate.properties 
10 Mar 2026 12:54:14,070 INFO com.sismics.util.ClasspathScanner.findClasses(ClasspathScanner.java:48) Found 1 classes for IndexingHandler 
10 Mar 2026 12:54:14,416 INFO com.sismics.docs.core.util.indexing.LuceneIndexingHandler.initLucene(LuceneIndexingHandler.java:129) Using RAM Lucene storage 
10 Mar 2026 12:54:15,153 INFO com.sismics.docs.core.service.FileService.startUp(FileService.java:39) File service starting up 
10 Mar 2026 12:54:15,196 INFO com.sismics.docs.core.service.InboxService.startUp(InboxService.java:52) Inbox service starting up 
10 Mar 2026 12:54:15,203 INFO com.sismics.docs.core.service.FileSizeService.startUp(FileSizeService.java:30) File size service starting up 
10 Mar 2026 12:54:16,291 INFO com.sismics.docs.core.service.FileSizeService.lambda$runOneIteration$0(FileSizeService.java:50) No more file to process, stopping the service 
10 Mar 2026 12:54:16,296 INFO com.sismics.docs.core.service.FileSizeService.shutDown(FileSizeService.java:35) File size service shutting down 
10 Mar 2026 12:59:02,443 INFO com.sismics.docs.core.service.InboxService.shutDown(InboxService.java:57) Inbox service shutting down 
10 Mar 2026 12:59:02,444 INFO com.sismics.docs.core.service.FileService.shutDown(FileService.java:44) File service shutting down 
10 Mar 2026 13:57:58,009 INFO com.sismics.util.jpa.EMF.getEntityManagerProperties(EMF.java:67) Configuring EntityManager from hibernate.properties 
10 Mar 2026 13:58:03,455 INFO com.sismics.util.jpa.DbOpenHelper.open(DbOpenHelper.java:57) Opening database and executing incremental updates 
10 Mar 2026 13:58:03,463 INFO com.sismics.util.jpa.DbOpenHelper.open(DbOpenHelper.java:83) Unable to get database version: Table T_CONFIG not found 
10 Mar 2026 13:58:03,464 INFO com.sismics.util.jpa.DbOpenHelper.open(DbOpenHelper.java:98) Executing initial schema creation script 
10 Mar 2026 13:58:03,499 INFO com.sismics.util.jpa.DbOpenHelper.executeAllScript(DbOpenHelper.java:142) Executing script: dbupdate-000-0.sql 
10 Mar 2026 13:58:03,804 INFO com.sismics.util.jpa.DbOpenHelper.executeAllScript(DbOpenHelper.java:142) Executing script: dbupdate-000-1.sql 
10 Mar 2026 13:58:03,851 INFO com.sismics.util.jpa.DbOpenHelper.open(DbOpenHelper.java:106) Found database version 0, new version is 31, executing database incremental update scripts 
10 Mar 2026 13:58:03,855 INFO com.sismics.util.jpa.DbOpenHelper.executeAllScript(DbOpenHelper.java:142) Executing script: dbupdate-001-0.sql 
10 Mar 2026 13:58:03,955 INFO com.sismics.util.jpa.DbOpenHelper.executeAllScript(DbOpenHelper.java:142) Executing script: dbupdate-002-0.sql 
10 Mar 2026 13:58:03,971 INFO com.sismics.util.jpa.DbOpenHelper.executeAllScript(DbOpenHelper.java:142) Executing script: dbupdate-003-0.sql 
10 Mar 2026 13:58:03,987 INFO com.sismics.util.jpa.DbOpenHelper.executeAllScript(DbOpenHelper.java:142) Executing script: dbupdate-004-0.sql 
10 Mar 2026 13:58:04,012 INFO com.sismics.util.jpa.DbOpenHelper.executeAllScript(DbOpenHelper.java:142) Executing script: dbupdate-005-0.sql 
10 Mar 2026 13:58:04,021 INFO com.sismics.util.jpa.DbOpenHelper.executeAllScript(DbOpenHelper.java:142) Executing script: dbupdate-006-0.sql 
10 Mar 2026 13:58:04,253 INFO com.sismics.util.jpa.DbOpenHelper.executeAllScript(DbOpenHelper.java:142) Executing script: dbupdate-007-0.sql 
10 Mar 2026 13:58:04,274 INFO com.sismics.util.jpa.DbOpenHelper.executeAllScript(DbOpenHelper.java:142) Executing script: dbupdate-008-0.sql 
10 Mar 2026 13:58:04,287 INFO com.sismics.util.jpa.DbOpenHelper.executeAllScript(DbOpenHelper.java:142) Executing script: dbupdate-009-0.sql 
10 Mar 2026 13:58:04,303 INFO com.sismics.util.jpa.DbOpenHelper.executeAllScript(DbOpenHelper.java:142) Executing script: dbupdate-010-0.sql 
10 Mar 2026 13:58:04,311 INFO com.sismics.util.jpa.DbOpenHelper.executeAllScript(DbOpenHelper.java:142) Executing script: dbupdate-011-0.sql 
10 Mar 2026 13:58:04,323 INFO com.sismics.util.jpa.DbOpenHelper.executeAllScript(DbOpenHelper.java:142) Executing script: dbupdate-012-0.sql 
10 Mar 2026 13:58:04,335 INFO com.sismics.util.jpa.DbOpenHelper.executeAllScript(DbOpenHelper.java:142) Executing script: dbupdate-013-0.sql 
10 Mar 2026 13:58:04,343 INFO com.sismics.util.jpa.DbOpenHelper.executeAllScript(DbOpenHelper.java:142) Executing script: dbupdate-014-0.sql 
10 Mar 2026 13:58:04,354 INFO com.sismics.util.jpa.DbOpenHelper.executeAllScript(DbOpenHelper.java:142) Executing script: dbupdate-015-0.sql 
10 Mar 2026 13:58:04,379 INFO com.sismics.util.jpa.DbOpenHelper.executeAllScript(DbOpenHelper.java:142) Executing script: dbupdate-016-0.sql 
10 Mar 2026 13:58:04,393 INFO com.sismics.util.jpa.DbOpenHelper.executeAllScript(DbOpenHelper.java:142) Executing script: dbupdate-017-0.sql 
10 Mar 2026 13:58:04,406 INFO com.sismics.util.jpa.DbOpenHelper.executeAllScript(DbOpenHelper.java:142) Executing script: dbupdate-018-0.sql 
10 Mar 2026 13:58:04,495 INFO com.sismics.util.jpa.DbOpenHelper.executeAllScript(DbOpenHelper.java:142) Executing script: dbupdate-019-0.sql 
10 Mar 2026 13:58:04,502 INFO com.sismics.util.jpa.DbOpenHelper.executeAllScript(DbOpenHelper.java:142) Executing script: dbupdate-020-0.sql 
10 Mar 2026 13:58:04,510 INFO com.sismics.util.jpa.DbOpenHelper.executeAllScript(DbOpenHelper.java:142) Executing script: dbupdate-021-0.sql 
10 Mar 2026 13:58:04,524 INFO com.sismics.util.jpa.DbOpenHelper.executeAllScript(DbOpenHelper.java:142) Executing script: dbupdate-022-0.sql 
10 Mar 2026 13:58:04,541 INFO com.sismics.util.jpa.DbOpenHelper.executeAllScript(DbOpenHelper.java:142) Executing script: dbupdate-023-0.sql 
10 Mar 2026 13:58:04,552 INFO com.sismics.util.jpa.DbOpenHelper.executeAllScript(DbOpenHelper.java:142) Executing script: dbupdate-024-0.sql 
10 Mar 2026 13:58:04,564 INFO com.sismics.util.jpa.DbOpenHelper.executeAllScript(DbOpenHelper.java:142) Executing script: dbupdate-025-0.sql 
10 Mar 2026 13:58:04,571 INFO com.sismics.util.jpa.DbOpenHelper.executeAllScript(DbOpenHelper.java:142) Executing script: dbupdate-026-0.sql 
10 Mar 2026 13:58:04,578 INFO com.sismics.util.jpa.DbOpenHelper.executeAllScript(DbOpenHelper.java:142) Executing script: dbupdate-027-0.sql 
10 Mar 2026 13:58:04,585 INFO com.sismics.util.jpa.DbOpenHelper.executeAllScript(DbOpenHelper.java:142) Executing script: dbupdate-028-0.sql 
10 Mar 2026 13:58:04,591 INFO com.sismics.util.jpa.DbOpenHelper.executeAllScript(DbOpenHelper.java:142) Executing script: dbupdate-029-0.sql 
10 Mar 2026 13:58:04,601 INFO com.sismics.util.jpa.DbOpenHelper.executeAllScript(DbOpenHelper.java:142) Executing script: dbupdate-030-0.sql 
10 Mar 2026 13:58:04,608 INFO com.sismics.util.jpa.DbOpenHelper.executeAllScript(DbOpenHelper.java:142) Executing script: dbupdate-031-0.sql 
10 Mar 2026 13:58:04,611 INFO com.sismics.util.jpa.DbOpenHelper.open(DbOpenHelper.java:108) Database upgrade complete 
10 Mar 2026 13:58:04,615 INFO com.sismics.util.jpa.EMF.getEntityManagerProperties(EMF.java:67) Configuring EntityManager from hibernate.properties 
10 Mar 2026 13:58:23,596 INFO com.sismics.util.ClasspathScanner.findClasses(ClasspathScanner.java:48) Found 1 classes for IndexingHandler 
10 Mar 2026 13:58:24,217 INFO com.sismics.docs.core.util.indexing.LuceneIndexingHandler.initLucene(LuceneIndexingHandler.java:129) Using RAM Lucene storage 
10 Mar 2026 13:58:25,453 INFO com.sismics.docs.core.service.FileService.startUp(FileService.java:39) File service starting up 
10 Mar 2026 13:58:25,540 INFO com.sismics.docs.core.service.InboxService.startUp(InboxService.java:52) Inbox service starting up 
10 Mar 2026 13:58:25,556 INFO com.sismics.docs.core.service.FileSizeService.startUp(FileSizeService.java:30) File size service starting up 
10 Mar 2026 13:58:27,319 INFO com.sismics.docs.core.service.FileSizeService.lambda$runOneIteration$0(FileSizeService.java:50) No more file to process, stopping the service 
10 Mar 2026 13:58:27,328 INFO com.sismics.docs.core.service.FileSizeService.shutDown(FileSizeService.java:35) File size service shutting down 
10 Mar 2026 14:03:46,418 INFO com.sismics.docs.core.service.InboxService.shutDown(InboxService.java:57) Inbox service shutting down 
10 Mar 2026 14:03:46,419 INFO com.sismics.docs.core.service.FileService.shutDown(FileService.java:44) File service shutting down 
10 Mar 2026 14:49:52,883 INFO com.sismics.util.jpa.EMF.getEntityManagerProperties(EMF.java:67) Configuring EntityManager from hibernate.properties 
10 Mar 2026 14:49:59,749 INFO com.sismics.util.jpa.DbOpenHelper.open(DbOpenHelper.java:57) Opening database and executing incremental updates 
10 Mar 2026 14:49:59,758 INFO com.sismics.util.jpa.DbOpenHelper.open(DbOpenHelper.java:83) Unable to get database version: Table T_CONFIG not found 
10 Mar 2026 14:49:59,759 INFO com.sismics.util.jpa.DbOpenHelper.open(DbOpenHelper.java:98) Executing initial schema creation script 
10 Mar 2026 14:49:59,818 INFO com.sismics.util.jpa.DbOpenHelper.executeAllScript(DbOpenHelper.java:142) Executing script: dbupdate-000-0.sql 
10 Mar 2026 14:50:00,161 INFO com.sismics.util.jpa.DbOpenHelper.executeAllScript(DbOpenHelper.java:142) Executing script: dbupdate-000-1.sql 
10 Mar 2026 14:50:00,231 INFO com.sismics.util.jpa.DbOpenHelper.open(DbOpenHelper.java:106) Found database version 0, new version is 31, executing database incremental update scripts 
10 Mar 2026 14:50:00,235 INFO com.sismics.util.jpa.DbOpenHelper.executeAllScript(DbOpenHelper.java:142) Executing script: dbupdate-001-0.sql 
10 Mar 2026 14:50:00,310 INFO com.sismics.util.jpa.DbOpenHelper.executeAllScript(DbOpenHelper.java:142) Executing script: dbupdate-002-0.sql 
10 Mar 2026 14:50:00,332 INFO com.sismics.util.jpa.DbOpenHelper.executeAllScript(DbOpenHelper.java:142) Executing script: dbupdate-003-0.sql 
10 Mar 2026 14:50:00,346 INFO com.sismics.util.jpa.DbOpenHelper.executeAllScript(DbOpenHelper.java:142) Executing script: dbupdate-004-0.sql 
10 Mar 2026 14:50:00,374 INFO com.sismics.util.jpa.DbOpenHelper.executeAllScript(DbOpenHelper.java:142) Executing script: dbupdate-005-0.sql 
10 Mar 2026 14:50:00,382 INFO com.sismics.util.jpa.DbOpenHelper.executeAllScript(DbOpenHelper.java:142) Executing script: dbupdate-006-0.sql 
10 Mar 2026 14:50:00,609 INFO com.sismics.util.jpa.DbOpenHelper.executeAllScript(DbOpenHelper.java:142) Executing script: dbupdate-007-0.sql 
10 Mar 2026 14:50:00,623 INFO com.sismics.util.jpa.DbOpenHelper.executeAllScript(DbOpenHelper.java:142) Executing script: dbupdate-008-0.sql 
10 Mar 2026 14:50:00,634 INFO com.sismics.util.jpa.DbOpenHelper.executeAllScript(DbOpenHelper.java:142) Executing script: dbupdate-009-0.sql 
10 Mar 2026 14:50:00,648 INFO com.sismics.util.jpa.DbOpenHelper.executeAllScript(DbOpenHelper.java:142) Executing script: dbupdate-010-0.sql 
10 Mar 2026 14:50:00,658 INFO com.sismics.util.jpa.DbOpenHelper.executeAllScript(DbOpenHelper.java:142) Executing script: dbupdate-011-0.sql 
10 Mar 2026 14:50:00,671 INFO com.sismics.util.jpa.DbOpenHelper.executeAllScript(DbOpenHelper.java:142) Executing script: dbupdate-012-0.sql 
10 Mar 2026 14:50:00,683 INFO com.sismics.util.jpa.DbOpenHelper.executeAllScript(DbOpenHelper.java:142) Executing script: dbupdate-013-0.sql 
10 Mar 2026 14:50:00,692 INFO com.sismics.util.jpa.DbOpenHelper.executeAllScript(DbOpenHelper.java:142) Executing script: dbupdate-014-0.sql 
10 Mar 2026 14:50:00,705 INFO com.sismics.util.jpa.DbOpenHelper.executeAllScript(DbOpenHelper.java:142) Executing script: dbupdate-015-0.sql 
10 Mar 2026 14:50:00,725 INFO com.sismics.util.jpa.DbOpenHelper.executeAllScript(DbOpenHelper.java:142) Executing script: dbupdate-016-0.sql 
10 Mar 2026 14:50:00,734 INFO com.sismics.util.jpa.DbOpenHelper.executeAllScript(DbOpenHelper.java:142) Executing script: dbupdate-017-0.sql 
10 Mar 2026 14:50:00,745 INFO com.sismics.util.jpa.DbOpenHelper.executeAllScript(DbOpenHelper.java:142) Executing script: dbupdate-018-0.sql 
10 Mar 2026 14:50:00,824 INFO com.sismics.util.jpa.DbOpenHelper.executeAllScript(DbOpenHelper.java:142) Executing script: dbupdate-019-0.sql 
10 Mar 2026 14:50:00,834 INFO com.sismics.util.jpa.DbOpenHelper.executeAllScript(DbOpenHelper.java:142) Executing script: dbupdate-020-0.sql 
10 Mar 2026 14:50:00,843 INFO com.sismics.util.jpa.DbOpenHelper.executeAllScript(DbOpenHelper.java:142) Executing script: dbupdate-021-0.sql 
10 Mar 2026 14:50:00,858 INFO com.sismics.util.jpa.DbOpenHelper.executeAllScript(DbOpenHelper.java:142) Executing script: dbupdate-022-0.sql 
10 Mar 2026 14:50:00,875 INFO com.sismics.util.jpa.DbOpenHelper.executeAllScript(DbOpenHelper.java:142) Executing script: dbupdate-023-0.sql 
10 Mar 2026 14:50:00,889 INFO com.sismics.util.jpa.DbOpenHelper.executeAllScript(DbOpenHelper.java:142) Executing script: dbupdate-024-0.sql 
10 Mar 2026 14:50:00,902 INFO com.sismics.util.jpa.DbOpenHelper.executeAllScript(DbOpenHelper.java:142) Executing script: dbupdate-025-0.sql 
10 Mar 2026 14:50:00,910 INFO com.sismics.util.jpa.DbOpenHelper.executeAllScript(DbOpenHelper.java:142) Executing script: dbupdate-026-0.sql 
10 Mar 2026 14:50:00,917 INFO com.sismics.util.jpa.DbOpenHelper.executeAllScript(DbOpenHelper.java:142) Executing script: dbupdate-027-0.sql 
10 Mar 2026 14:50:00,924 INFO com.sismics.util.jpa.DbOpenHelper.executeAllScript(DbOpenHelper.java:142) Executing script: dbupdate-028-0.sql 
10 Mar 2026 14:50:00,932 INFO com.sismics.util.jpa.DbOpenHelper.executeAllScript(DbOpenHelper.java:142) Executing script: dbupdate-029-0.sql 
10 Mar 2026 14:50:00,949 INFO com.sismics.util.jpa.DbOpenHelper.executeAllScript(DbOpenHelper.java:142) Executing script: dbupdate-030-0.sql 
10 Mar 2026 14:50:00,956 INFO com.sismics.util.jpa.DbOpenHelper.executeAllScript(DbOpenHelper.java:142) Executing script: dbupdate-031-0.sql 
10 Mar 2026 14:50:00,960 INFO com.sismics.util.jpa.DbOpenHelper.open(DbOpenHelper.java:108) Database upgrade complete 
10 Mar 2026 14:50:00,965 INFO com.sismics.util.jpa.EMF.getEntityManagerProperties(EMF.java:67) Configuring EntityManager from hibernate.properties 
10 Mar 2026 14:50:23,024 INFO com.sismics.util.ClasspathScanner.findClasses(ClasspathScanner.java:48) Found 1 classes for IndexingHandler 
10 Mar 2026 14:50:23,772 INFO com.sismics.docs.core.util.indexing.LuceneIndexingHandler.initLucene(LuceneIndexingHandler.java:129) Using RAM Lucene storage 
10 Mar 2026 14:50:22,646 INFO com.sismics.docs.core.service.FileService.startUp(FileService.java:39) File service starting up 
10 Mar 2026 14:50:22,763 INFO com.sismics.docs.core.service.InboxService.startUp(InboxService.java:52) Inbox service starting up 
10 Mar 2026 14:50:22,781 INFO com.sismics.docs.core.service.FileSizeService.startUp(FileSizeService.java:30) File size service starting up 
10 Mar 2026 14:50:24,736 INFO com.sismics.docs.core.service.FileSizeService.lambda$runOneIteration$0(FileSizeService.java:50) No more file to process, stopping the service 
10 Mar 2026 14:50:24,750 INFO com.sismics.docs.core.service.FileSizeService.shutDown(FileSizeService.java:35) File size service shutting down 
10 Mar 2026 14:53:10,691 ERROR com.sismics.docs.core.util.TransactionUtil.handle(TransactionUtil.java:51) An exception occured, rolling back current transaction 
org.hibernate.exception.SQLGrammarException: could not prepare statement [Table "T_CONFIG" not found; SQL statement:
select c1_0.CFG_ID_C,c1_0.CFG_VALUE_C from T_CONFIG c1_0 where c1_0.CFG_ID_C=? [42102-199]] [select c1_0.CFG_ID_C,c1_0.CFG_VALUE_C from T_CONFIG c1_0 where c1_0.CFG_ID_C=?]
	at org.hibernate.exception.internal.SQLExceptionTypeDelegate.convert(SQLExceptionTypeDelegate.java:66)
	at org.hibernate.exception.internal.StandardSQLExceptionConverter.convert(StandardSQLExceptionConverter.java:58)
	at org.hibernate.engine.jdbc.spi.SqlExceptionHelper.convert(SqlExceptionHelper.java:108)
	at org.hibernate.engine.jdbc.internal.StatementPreparerImpl$StatementPreparationTemplate.prepareStatement(StatementPreparerImpl.java:187)
	at org.hibernate.engine.jdbc.internal.StatementPreparerImpl.prepareQueryStatement(StatementPreparerImpl.java:152)
	at org.hibernate.sql.exec.internal.JdbcSelectExecutorStandardImpl.lambda$list$0(JdbcSelectExecutorStandardImpl.java:102)
	at org.hibernate.sql.results.jdbc.internal.DeferredResultSetAccess.executeQuery(DeferredResultSetAccess.java:227)
	at org.hibernate.sql.results.jdbc.internal.DeferredResultSetAccess.getResultSet(DeferredResultSetAccess.java:164)
	at org.hibernate.sql.results.jdbc.internal.JdbcValuesResultSetImpl.advanceNext(JdbcValuesResultSetImpl.java:218)
	at org.hibernate.sql.results.jdbc.internal.JdbcValuesResultSetImpl.processNext(JdbcValuesResultSetImpl.java:98)
	at org.hibernate.sql.results.jdbc.internal.AbstractJdbcValues.next(AbstractJdbcValues.java:19)
	at org.hibernate.sql.results.internal.RowProcessingStateStandardImpl.next(RowProcessingStateStandardImpl.java:66)
	at org.hibernate.sql.results.spi.ListResultsConsumer.consume(ListResultsConsumer.java:186)
	at org.hibernate.sql.results.spi.ListResultsConsumer.consume(ListResultsConsumer.java:33)
	at org.hibernate.sql.exec.internal.JdbcSelectExecutorStandardImpl.doExecuteQuery(JdbcSelectExecutorStandardImpl.java:361)
	at org.hibernate.sql.exec.internal.JdbcSelectExecutorStandardImpl.executeQuery(JdbcSelectExecutorStandardImpl.java:168)
	at org.hibernate.sql.exec.internal.JdbcSelectExecutorStandardImpl.list(JdbcSelectExecutorStandardImpl.java:93)
	at org.hibernate.sql.exec.spi.JdbcSelectExecutor.list(JdbcSelectExecutor.java:31)
	at org.hibernate.loader.ast.internal.SingleIdLoadPlan.load(SingleIdLoadPlan.java:145)
	at org.hibernate.loader.ast.internal.SingleIdLoadPlan.load(SingleIdLoadPlan.java:117)
	at org.hibernate.loader.ast.internal.SingleIdEntityLoaderStandardImpl.load(SingleIdEntityLoaderStandardImpl.java:75)
	at org.hibernate.persister.entity.AbstractEntityPersister.doLoad(AbstractEntityPersister.java:3673)
	at org.hibernate.persister.entity.AbstractEntityPersister.load(AbstractEntityPersister.java:3662)
	at org.hibernate.event.internal.DefaultLoadEventListener.loadFromDatasource(DefaultLoadEventListener.java:591)
	at org.hibernate.event.internal.DefaultLoadEventListener.loadFromCacheOrDatasource(DefaultLoadEventListener.java:577)
	at org.hibernate.event.internal.DefaultLoadEventListener.load(DefaultLoadEventListener.java:547)
	at org.hibernate.event.internal.DefaultLoadEventListener.doLoad(DefaultLoadEventListener.java:531)
	at org.hibernate.event.internal.DefaultLoadEventListener.load(DefaultLoadEventListener.java:206)
	at org.hibernate.event.internal.DefaultLoadEventListener.loadWithRegularProxy(DefaultLoadEventListener.java:286)
	at org.hibernate.event.internal.DefaultLoadEventListener.proxyOrLoad(DefaultLoadEventListener.java:241)
	at org.hibernate.event.internal.DefaultLoadEventListener.doOnLoad(DefaultLoadEventListener.java:110)
	at org.hibernate.event.internal.DefaultLoadEventListener.onLoad(DefaultLoadEventListener.java:67)
	at org.hibernate.event.service.internal.EventListenerGroupImpl.fireEventOnEachListener(EventListenerGroupImpl.java:138)
	at org.hibernate.internal.SessionImpl.fireLoadNoChecks(SessionImpl.java:1234)
	at org.hibernate.internal.SessionImpl.fireLoad(SessionImpl.java:1222)
	at org.hibernate.loader.internal.IdentifierLoadAccessImpl.load(IdentifierLoadAccessImpl.java:209)
	at org.hibernate.loader.internal.IdentifierLoadAccessImpl.doLoad(IdentifierLoadAccessImpl.java:160)
	at org.hibernate.loader.internal.IdentifierLoadAccessImpl.lambda$load$1(IdentifierLoadAccessImpl.java:149)
	at org.hibernate.loader.internal.IdentifierLoadAccessImpl.perform(IdentifierLoadAccessImpl.java:112)
	at org.hibernate.loader.internal.IdentifierLoadAccessImpl.load(IdentifierLoadAccessImpl.java:149)
	at org.hibernate.internal.SessionImpl.find(SessionImpl.java:2430)
	at org.hibernate.internal.SessionImpl.find(SessionImpl.java:2396)
	at com.sismics.docs.core.dao.ConfigDao.getById(ConfigDao.java:31)
	at com.sismics.docs.core.util.ConfigUtil.getConfigStringValue(ConfigUtil.java:23)
	at com.sismics.docs.core.util.ConfigUtil.getConfigBooleanValue(ConfigUtil.java:73)
	at com.sismics.docs.core.service.InboxService.lambda$syncInbox$0(InboxService.java:74)
	at com.sismics.docs.core.util.TransactionUtil.handle(TransactionUtil.java:47)
	at com.sismics.docs.core.service.InboxService.syncInbox(InboxService.java:73)
	at com.sismics.docs.core.service.InboxService.runOneIteration(InboxService.java:63)
	at com.google.common.util.concurrent.AbstractScheduledService$ServiceDelegate$Task.run(AbstractScheduledService.java:233)
	at com.google.common.util.concurrent.Callables.lambda$threadRenaming$3(Callables.java:103)
	at java.base/java.util.concurrent.Executors$RunnableAdapter.call(Executors.java:515)
	at java.base/java.util.concurrent.FutureTask.runAndReset(FutureTask.java:305)
	at java.base/java.util.concurrent.ScheduledThreadPoolExecutor$ScheduledFutureTask.run(ScheduledThreadPoolExecutor.java:305)
	at java.base/java.util.concurrent.ThreadPoolExecutor.runWorker(ThreadPoolExecutor.java:1128)
	at java.base/java.util.concurrent.ThreadPoolExecutor$Worker.run(ThreadPoolExecutor.java:628)
	at java.base/java.lang.Thread.run(Thread.java:829)
Caused by: org.h2.jdbc.JdbcSQLSyntaxErrorException: Table "T_CONFIG" not found; SQL statement:
select c1_0.CFG_ID_C,c1_0.CFG_VALUE_C from T_CONFIG c1_0 where c1_0.CFG_ID_C=? [42102-199]
	at org.h2.message.DbException.getJdbcSQLException(DbException.java:451)
	at org.h2.message.DbException.getJdbcSQLException(DbException.java:427)
	at org.h2.message.DbException.get(DbException.java:205)
	at org.h2.message.DbException.get(DbException.java:181)
	at org.h2.command.Parser.readTableOrView(Parser.java:7146)
	at org.h2.command.Parser.readTableFilter(Parser.java:1895)
	at org.h2.command.Parser.parseSelectSimpleFromPart(Parser.java:2641)
	at org.h2.command.Parser.parseSelectSimple(Parser.java:2788)
	at org.h2.command.Parser.parseSelectSub(Parser.java:2636)
	at org.h2.command.Parser.parseSelectUnion(Parser.java:2469)
	at org.h2.command.Parser.parseSelect(Parser.java:2440)
	at org.h2.command.Parser.parsePrepared(Parser.java:814)
	at org.h2.command.Parser.parse(Parser.java:788)
	at org.h2.command.Parser.parse(Parser.java:760)
	at org.h2.command.Parser.prepareCommand(Parser.java:683)
	at org.h2.engine.Session.prepareLocal(Session.java:627)
	at org.h2.engine.Session.prepareCommand(Session.java:565)
	at org.h2.jdbc.JdbcConnection.prepareCommand(JdbcConnection.java:1292)
	at org.h2.jdbc.JdbcPreparedStatement.<init>(JdbcPreparedStatement.java:77)
	at org.h2.jdbc.JdbcConnection.prepareStatement(JdbcConnection.java:349)
	at org.hibernate.engine.jdbc.internal.StatementPreparerImpl$5.doPrepare(StatementPreparerImpl.java:150)
	at org.hibernate.engine.jdbc.internal.StatementPreparerImpl$StatementPreparationTemplate.prepareStatement(StatementPreparerImpl.java:177)
	... 53 more
10 Mar 2026 14:53:11,080 INFO com.sismics.docs.core.service.InboxService.shutDown(InboxService.java:57) Inbox service shutting down 
10 Mar 2026 14:53:11,081 INFO com.sismics.docs.core.service.FileService.shutDown(FileService.java:44) File service shutting down 
10 Mar 2026 14:53:24,009 INFO com.sismics.util.jpa.EMF.getEntityManagerProperties(EMF.java:67) Configuring EntityManager from hibernate.properties 
10 Mar 2026 14:53:29,856 INFO com.sismics.util.jpa.DbOpenHelper.open(DbOpenHelper.java:57) Opening database and executing incremental updates 
10 Mar 2026 14:53:29,864 INFO com.sismics.util.jpa.DbOpenHelper.open(DbOpenHelper.java:83) Unable to get database version: Table T_CONFIG not found 
10 Mar 2026 14:53:29,866 INFO com.sismics.util.jpa.DbOpenHelper.open(DbOpenHelper.java:98) Executing initial schema creation script 
10 Mar 2026 14:53:29,900 INFO com.sismics.util.jpa.DbOpenHelper.executeAllScript(DbOpenHelper.java:142) Executing script: dbupdate-000-0.sql 
10 Mar 2026 14:53:30,182 INFO com.sismics.util.jpa.DbOpenHelper.executeAllScript(DbOpenHelper.java:142) Executing script: dbupdate-000-1.sql 
10 Mar 2026 14:53:30,240 INFO com.sismics.util.jpa.DbOpenHelper.open(DbOpenHelper.java:106) Found database version 0, new version is 31, executing database incremental update scripts 
10 Mar 2026 14:53:30,245 INFO com.sismics.util.jpa.DbOpenHelper.executeAllScript(DbOpenHelper.java:142) Executing script: dbupdate-001-0.sql 
10 Mar 2026 14:53:30,321 INFO com.sismics.util.jpa.DbOpenHelper.executeAllScript(DbOpenHelper.java:142) Executing script: dbupdate-002-0.sql 
10 Mar 2026 14:53:30,337 INFO com.sismics.util.jpa.DbOpenHelper.executeAllScript(DbOpenHelper.java:142) Executing script: dbupdate-003-0.sql 
10 Mar 2026 14:53:30,353 INFO com.sismics.util.jpa.DbOpenHelper.executeAllScript(DbOpenHelper.java:142) Executing script: dbupdate-004-0.sql 
10 Mar 2026 14:53:30,378 INFO com.sismics.util.jpa.DbOpenHelper.executeAllScript(DbOpenHelper.java:142) Executing script: dbupdate-005-0.sql 
10 Mar 2026 14:53:30,387 INFO com.sismics.util.jpa.DbOpenHelper.executeAllScript(DbOpenHelper.java:142) Executing script: dbupdate-006-0.sql 
10 Mar 2026 14:53:30,603 INFO com.sismics.util.jpa.DbOpenHelper.executeAllScript(DbOpenHelper.java:142) Executing script: dbupdate-007-0.sql 
10 Mar 2026 14:53:30,615 INFO com.sismics.util.jpa.DbOpenHelper.executeAllScript(DbOpenHelper.java:142) Executing script: dbupdate-008-0.sql 
10 Mar 2026 14:53:30,628 INFO com.sismics.util.jpa.DbOpenHelper.executeAllScript(DbOpenHelper.java:142) Executing script: dbupdate-009-0.sql 
10 Mar 2026 14:53:30,642 INFO com.sismics.util.jpa.DbOpenHelper.executeAllScript(DbOpenHelper.java:142) Executing script: dbupdate-010-0.sql 
10 Mar 2026 14:53:30,652 INFO com.sismics.util.jpa.DbOpenHelper.executeAllScript(DbOpenHelper.java:142) Executing script: dbupdate-011-0.sql 
10 Mar 2026 14:53:30,664 INFO com.sismics.util.jpa.DbOpenHelper.executeAllScript(DbOpenHelper.java:142) Executing script: dbupdate-012-0.sql 
10 Mar 2026 14:53:30,676 INFO com.sismics.util.jpa.DbOpenHelper.executeAllScript(DbOpenHelper.java:142) Executing script: dbupdate-013-0.sql 
10 Mar 2026 14:53:30,686 INFO com.sismics.util.jpa.DbOpenHelper.executeAllScript(DbOpenHelper.java:142) Executing script: dbupdate-014-0.sql 
10 Mar 2026 14:53:30,698 INFO com.sismics.util.jpa.DbOpenHelper.executeAllScript(DbOpenHelper.java:142) Executing script: dbupdate-015-0.sql 
10 Mar 2026 14:53:30,721 INFO com.sismics.util.jpa.DbOpenHelper.executeAllScript(DbOpenHelper.java:142) Executing script: dbupdate-016-0.sql 
10 Mar 2026 14:53:30,728 INFO com.sismics.util.jpa.DbOpenHelper.executeAllScript(DbOpenHelper.java:142) Executing script: dbupdate-017-0.sql 
10 Mar 2026 14:53:30,738 INFO com.sismics.util.jpa.DbOpenHelper.executeAllScript(DbOpenHelper.java:142) Executing script: dbupdate-018-0.sql 
10 Mar 2026 14:53:30,823 INFO com.sismics.util.jpa.DbOpenHelper.executeAllScript(DbOpenHelper.java:142) Executing script: dbupdate-019-0.sql 
10 Mar 2026 14:53:30,832 INFO com.sismics.util.jpa.DbOpenHelper.executeAllScript(DbOpenHelper.java:142) Executing script: dbupdate-020-0.sql 
10 Mar 2026 14:53:30,841 INFO com.sismics.util.jpa.DbOpenHelper.executeAllScript(DbOpenHelper.java:142) Executing script: dbupdate-021-0.sql 
10 Mar 2026 14:53:30,856 INFO com.sismics.util.jpa.DbOpenHelper.executeAllScript(DbOpenHelper.java:142) Executing script: dbupdate-022-0.sql 
10 Mar 2026 14:53:30,873 INFO com.sismics.util.jpa.DbOpenHelper.executeAllScript(DbOpenHelper.java:142) Executing script: dbupdate-023-0.sql 
10 Mar 2026 14:53:30,885 INFO com.sismics.util.jpa.DbOpenHelper.executeAllScript(DbOpenHelper.java:142) Executing script: dbupdate-024-0.sql 
10 Mar 2026 14:53:30,895 INFO com.sismics.util.jpa.DbOpenHelper.executeAllScript(DbOpenHelper.java:142) Executing script: dbupdate-025-0.sql 
10 Mar 2026 14:53:30,903 INFO com.sismics.util.jpa.DbOpenHelper.executeAllScript(DbOpenHelper.java:142) Executing script: dbupdate-026-0.sql 
10 Mar 2026 14:53:30,909 INFO com.sismics.util.jpa.DbOpenHelper.executeAllScript(DbOpenHelper.java:142) Executing script: dbupdate-027-0.sql 
10 Mar 2026 14:53:30,918 INFO com.sismics.util.jpa.DbOpenHelper.executeAllScript(DbOpenHelper.java:142) Executing script: dbupdate-028-0.sql 
10 Mar 2026 14:53:30,925 INFO com.sismics.util.jpa.DbOpenHelper.executeAllScript(DbOpenHelper.java:142) Executing script: dbupdate-029-0.sql 
10 Mar 2026 14:53:30,937 INFO com.sismics.util.jpa.DbOpenHelper.executeAllScript(DbOpenHelper.java:142) Executing script: dbupdate-030-0.sql 
10 Mar 2026 14:53:30,945 INFO com.sismics.util.jpa.DbOpenHelper.executeAllScript(DbOpenHelper.java:142) Executing script: dbupdate-031-0.sql 
10 Mar 2026 14:53:30,950 INFO com.sismics.util.jpa.DbOpenHelper.open(DbOpenHelper.java:108) Database upgrade complete 
10 Mar 2026 14:53:30,955 INFO com.sismics.util.jpa.EMF.getEntityManagerProperties(EMF.java:67) Configuring EntityManager from hibernate.properties 
10 Mar 2026 14:53:52,397 INFO com.sismics.util.ClasspathScanner.findClasses(ClasspathScanner.java:48) Found 1 classes for IndexingHandler 
10 Mar 2026 14:53:53,021 INFO com.sismics.docs.core.util.indexing.LuceneIndexingHandler.initLucene(LuceneIndexingHandler.java:129) Using RAM Lucene storage 
10 Mar 2026 14:53:51,861 INFO com.sismics.docs.core.service.FileService.startUp(FileService.java:39) File service starting up 
10 Mar 2026 14:53:51,943 INFO com.sismics.docs.core.service.InboxService.startUp(InboxService.java:52) Inbox service starting up 
10 Mar 2026 14:53:51,963 INFO com.sismics.docs.core.service.FileSizeService.startUp(FileSizeService.java:30) File size service starting up 
10 Mar 2026 14:53:53,795 INFO com.sismics.docs.core.service.FileSizeService.lambda$runOneIteration$0(FileSizeService.java:50) No more file to process, stopping the service 
10 Mar 2026 14:53:53,802 INFO com.sismics.docs.core.service.FileSizeService.shutDown(FileSizeService.java:35) File size service shutting down 
10 Mar 2026 15:00:26,197 INFO com.sismics.docs.core.service.InboxService.shutDown(InboxService.java:57) Inbox service shutting down 
10 Mar 2026 15:00:26,199 INFO com.sismics.docs.core.service.FileService.shutDown(FileService.java:44) File service shutting down 
10 Mar 2026 15:00:41,593 INFO com.sismics.util.jpa.EMF.getEntityManagerProperties(EMF.java:67) Configuring EntityManager from hibernate.properties 
10 Mar 2026 15:00:47,424 INFO com.sismics.util.jpa.DbOpenHelper.open(DbOpenHelper.java:57) Opening database and executing incremental updates 
10 Mar 2026 15:00:47,432 INFO com.sismics.util.jpa.DbOpenHelper.open(DbOpenHelper.java:83) Unable to get database version: Table T_CONFIG not found 
10 Mar 2026 15:00:47,433 INFO com.sismics.util.jpa.DbOpenHelper.open(DbOpenHelper.java:98) Executing initial schema creation script 
10 Mar 2026 15:00:47,469 INFO com.sismics.util.jpa.DbOpenHelper.executeAllScript(DbOpenHelper.java:142) Executing script: dbupdate-000-0.sql 
10 Mar 2026 15:00:47,770 INFO com.sismics.util.jpa.DbOpenHelper.executeAllScript(DbOpenHelper.java:142) Executing script: dbupdate-000-1.sql 
10 Mar 2026 15:00:47,827 INFO com.sismics.util.jpa.DbOpenHelper.open(DbOpenHelper.java:106) Found database version 0, new version is 31, executing database incremental update scripts 
10 Mar 2026 15:00:47,831 INFO com.sismics.util.jpa.DbOpenHelper.executeAllScript(DbOpenHelper.java:142) Executing script: dbupdate-001-0.sql 
10 Mar 2026 15:00:47,904 INFO com.sismics.util.jpa.DbOpenHelper.executeAllScript(DbOpenHelper.java:142) Executing script: dbupdate-002-0.sql 
10 Mar 2026 15:00:47,918 INFO com.sismics.util.jpa.DbOpenHelper.executeAllScript(DbOpenHelper.java:142) Executing script: dbupdate-003-0.sql 
10 Mar 2026 15:00:47,934 INFO com.sismics.util.jpa.DbOpenHelper.executeAllScript(DbOpenHelper.java:142) Executing script: dbupdate-004-0.sql 
10 Mar 2026 15:00:47,961 INFO com.sismics.util.jpa.DbOpenHelper.executeAllScript(DbOpenHelper.java:142) Executing script: dbupdate-005-0.sql 
10 Mar 2026 15:00:47,971 INFO com.sismics.util.jpa.DbOpenHelper.executeAllScript(DbOpenHelper.java:142) Executing script: dbupdate-006-0.sql 
10 Mar 2026 15:00:48,195 INFO com.sismics.util.jpa.DbOpenHelper.executeAllScript(DbOpenHelper.java:142) Executing script: dbupdate-007-0.sql 
10 Mar 2026 15:00:48,212 INFO com.sismics.util.jpa.DbOpenHelper.executeAllScript(DbOpenHelper.java:142) Executing script: dbupdate-008-0.sql 
10 Mar 2026 15:00:48,225 INFO com.sismics.util.jpa.DbOpenHelper.executeAllScript(DbOpenHelper.java:142) Executing script: dbupdate-009-0.sql 
10 Mar 2026 15:00:48,240 INFO com.sismics.util.jpa.DbOpenHelper.executeAllScript(DbOpenHelper.java:142) Executing script: dbupdate-010-0.sql 
10 Mar 2026 15:00:48,251 INFO com.sismics.util.jpa.DbOpenHelper.executeAllScript(DbOpenHelper.java:142) Executing script: dbupdate-011-0.sql 
10 Mar 2026 15:00:48,266 INFO com.sismics.util.jpa.DbOpenHelper.executeAllScript(DbOpenHelper.java:142) Executing script: dbupdate-012-0.sql 
10 Mar 2026 15:00:48,280 INFO com.sismics.util.jpa.DbOpenHelper.executeAllScript(DbOpenHelper.java:142) Executing script: dbupdate-013-0.sql 
10 Mar 2026 15:00:48,290 INFO com.sismics.util.jpa.DbOpenHelper.executeAllScript(DbOpenHelper.java:142) Executing script: dbupdate-014-0.sql 
10 Mar 2026 15:00:48,303 INFO com.sismics.util.jpa.DbOpenHelper.executeAllScript(DbOpenHelper.java:142) Executing script: dbupdate-015-0.sql 
10 Mar 2026 15:00:48,326 INFO com.sismics.util.jpa.DbOpenHelper.executeAllScript(DbOpenHelper.java:142) Executing script: dbupdate-016-0.sql 
10 Mar 2026 15:00:48,335 INFO com.sismics.util.jpa.DbOpenHelper.executeAllScript(DbOpenHelper.java:142) Executing script: dbupdate-017-0.sql 
10 Mar 2026 15:00:48,346 INFO com.sismics.util.jpa.DbOpenHelper.executeAllScript(DbOpenHelper.java:142) Executing script: dbupdate-018-0.sql 
10 Mar 2026 15:00:48,430 INFO com.sismics.util.jpa.DbOpenHelper.executeAllScript(DbOpenHelper.java:142) Executing script: dbupdate-019-0.sql 
10 Mar 2026 15:00:48,439 INFO com.sismics.util.jpa.DbOpenHelper.executeAllScript(DbOpenHelper.java:142) Executing script: dbupdate-020-0.sql 
10 Mar 2026 15:00:48,452 INFO com.sismics.util.jpa.DbOpenHelper.executeAllScript(DbOpenHelper.java:142) Executing script: dbupdate-021-0.sql 
10 Mar 2026 15:00:48,467 INFO com.sismics.util.jpa.DbOpenHelper.executeAllScript(DbOpenHelper.java:142) Executing script: dbupdate-022-0.sql 
10 Mar 2026 15:00:48,485 INFO com.sismics.util.jpa.DbOpenHelper.executeAllScript(DbOpenHelper.java:142) Executing script: dbupdate-023-0.sql 
10 Mar 2026 15:00:48,496 INFO com.sismics.util.jpa.DbOpenHelper.executeAllScript(DbOpenHelper.java:142) Executing script: dbupdate-024-0.sql 
10 Mar 2026 15:00:48,510 INFO com.sismics.util.jpa.DbOpenHelper.executeAllScript(DbOpenHelper.java:142) Executing script: dbupdate-025-0.sql 
10 Mar 2026 15:00:48,518 INFO com.sismics.util.jpa.DbOpenHelper.executeAllScript(DbOpenHelper.java:142) Executing script: dbupdate-026-0.sql 
10 Mar 2026 15:00:48,527 INFO com.sismics.util.jpa.DbOpenHelper.executeAllScript(DbOpenHelper.java:142) Executing script: dbupdate-027-0.sql 
10 Mar 2026 15:00:48,534 INFO com.sismics.util.jpa.DbOpenHelper.executeAllScript(DbOpenHelper.java:142) Executing script: dbupdate-028-0.sql 
10 Mar 2026 15:00:48,543 INFO com.sismics.util.jpa.DbOpenHelper.executeAllScript(DbOpenHelper.java:142) Executing script: dbupdate-029-0.sql 
10 Mar 2026 15:00:48,553 INFO com.sismics.util.jpa.DbOpenHelper.executeAllScript(DbOpenHelper.java:142) Executing script: dbupdate-030-0.sql 
10 Mar 2026 15:00:48,562 INFO com.sismics.util.jpa.DbOpenHelper.executeAllScript(DbOpenHelper.java:142) Executing script: dbupdate-031-0.sql 
10 Mar 2026 15:00:48,566 INFO com.sismics.util.jpa.DbOpenHelper.open(DbOpenHelper.java:108) Database upgrade complete 
10 Mar 2026 15:00:48,570 INFO com.sismics.util.jpa.EMF.getEntityManagerProperties(EMF.java:67) Configuring EntityManager from hibernate.properties 
10 Mar 2026 15:01:07,788 INFO com.sismics.util.ClasspathScanner.findClasses(ClasspathScanner.java:48) Found 1 classes for IndexingHandler 
10 Mar 2026 15:01:08,446 INFO com.sismics.docs.core.util.indexing.LuceneIndexingHandler.initLucene(LuceneIndexingHandler.java:129) Using RAM Lucene storage 
10 Mar 2026 15:01:09,744 INFO com.sismics.docs.core.service.FileService.startUp(FileService.java:39) File service starting up 
10 Mar 2026 15:01:09,827 INFO com.sismics.docs.core.service.InboxService.startUp(InboxService.java:52) Inbox service starting up 
10 Mar 2026 15:01:09,846 INFO com.sismics.docs.core.service.FileSizeService.startUp(FileSizeService.java:30) File size service starting up 
10 Mar 2026 15:01:11,689 INFO com.sismics.docs.core.service.FileSizeService.lambda$runOneIteration$0(FileSizeService.java:50) No more file to process, stopping the service 
10 Mar 2026 15:01:11,697 INFO com.sismics.docs.core.service.FileSizeService.shutDown(FileSizeService.java:35) File size service shutting down 
10 Mar 2026 15:01:57,027 INFO com.sismics.util.ClasspathScanner.findClasses(ClasspathScanner.java:48) Found 2 classes for AuthenticationHandler 
10 Mar 2026 15:49:03,183 INFO com.sismics.docs.core.service.InboxService.shutDown(InboxService.java:57) Inbox service shutting down 
10 Mar 2026 15:49:03,194 INFO com.sismics.docs.core.service.FileService.shutDown(FileService.java:44) File service shutting down 
10 Mar 2026 18:45:44,171 INFO com.sismics.util.jpa.EMF.getEntityManagerProperties(EMF.java:67) Configuring EntityManager from hibernate.properties 
10 Mar 2026 18:45:50,096 INFO com.sismics.util.jpa.DbOpenHelper.open(DbOpenHelper.java:57) Opening database and executing incremental updates 
10 Mar 2026 18:45:50,104 INFO com.sismics.util.jpa.DbOpenHelper.open(DbOpenHelper.java:83) Unable to get database version: Table T_CONFIG not found 
10 Mar 2026 18:45:50,106 INFO com.sismics.util.jpa.DbOpenHelper.open(DbOpenHelper.java:98) Executing initial schema creation script 
10 Mar 2026 18:45:50,161 INFO com.sismics.util.jpa.DbOpenHelper.executeAllScript(DbOpenHelper.java:142) Executing script: dbupdate-000-0.sql 
10 Mar 2026 18:45:50,482 INFO com.sismics.util.jpa.DbOpenHelper.executeAllScript(DbOpenHelper.java:142) Executing script: dbupdate-000-1.sql 
10 Mar 2026 18:45:50,561 INFO com.sismics.util.jpa.DbOpenHelper.open(DbOpenHelper.java:106) Found database version 0, new version is 31, executing database incremental update scripts 
10 Mar 2026 18:45:50,567 INFO com.sismics.util.jpa.DbOpenHelper.executeAllScript(DbOpenHelper.java:142) Executing script: dbupdate-001-0.sql 
10 Mar 2026 18:45:50,635 INFO com.sismics.util.jpa.DbOpenHelper.executeAllScript(DbOpenHelper.java:142) Executing script: dbupdate-002-0.sql 
10 Mar 2026 18:45:50,652 INFO com.sismics.util.jpa.DbOpenHelper.executeAllScript(DbOpenHelper.java:142) Executing script: dbupdate-003-0.sql 
10 Mar 2026 18:45:50,667 INFO com.sismics.util.jpa.DbOpenHelper.executeAllScript(DbOpenHelper.java:142) Executing script: dbupdate-004-0.sql 
10 Mar 2026 18:45:50,693 INFO com.sismics.util.jpa.DbOpenHelper.executeAllScript(DbOpenHelper.java:142) Executing script: dbupdate-005-0.sql 
10 Mar 2026 18:45:50,702 INFO com.sismics.util.jpa.DbOpenHelper.executeAllScript(DbOpenHelper.java:142) Executing script: dbupdate-006-0.sql 
10 Mar 2026 18:45:50,901 INFO com.sismics.util.jpa.DbOpenHelper.executeAllScript(DbOpenHelper.java:142) Executing script: dbupdate-007-0.sql 
10 Mar 2026 18:45:50,912 INFO com.sismics.util.jpa.DbOpenHelper.executeAllScript(DbOpenHelper.java:142) Executing script: dbupdate-008-0.sql 
10 Mar 2026 18:45:50,923 INFO com.sismics.util.jpa.DbOpenHelper.executeAllScript(DbOpenHelper.java:142) Executing script: dbupdate-009-0.sql 
10 Mar 2026 18:45:50,937 INFO com.sismics.util.jpa.DbOpenHelper.executeAllScript(DbOpenHelper.java:142) Executing script: dbupdate-010-0.sql 
10 Mar 2026 18:45:50,945 INFO com.sismics.util.jpa.DbOpenHelper.executeAllScript(DbOpenHelper.java:142) Executing script: dbupdate-011-0.sql 
10 Mar 2026 18:45:50,957 INFO com.sismics.util.jpa.DbOpenHelper.executeAllScript(DbOpenHelper.java:142) Executing script: dbupdate-012-0.sql 
10 Mar 2026 18:45:50,969 INFO com.sismics.util.jpa.DbOpenHelper.executeAllScript(DbOpenHelper.java:142) Executing script: dbupdate-013-0.sql 
10 Mar 2026 18:45:50,977 INFO com.sismics.util.jpa.DbOpenHelper.executeAllScript(DbOpenHelper.java:142) Executing script: dbupdate-014-0.sql 
10 Mar 2026 18:45:50,990 INFO com.sismics.util.jpa.DbOpenHelper.executeAllScript(DbOpenHelper.java:142) Executing script: dbupdate-015-0.sql 
10 Mar 2026 18:45:51,011 INFO com.sismics.util.jpa.DbOpenHelper.executeAllScript(DbOpenHelper.java:142) Executing script: dbupdate-016-0.sql 
10 Mar 2026 18:45:51,019 INFO com.sismics.util.jpa.DbOpenHelper.executeAllScript(DbOpenHelper.java:142) Executing script: dbupdate-017-0.sql 
10 Mar 2026 18:45:51,029 INFO com.sismics.util.jpa.DbOpenHelper.executeAllScript(DbOpenHelper.java:142) Executing script: dbupdate-018-0.sql 
10 Mar 2026 18:45:51,108 INFO com.sismics.util.jpa.DbOpenHelper.executeAllScript(DbOpenHelper.java:142) Executing script: dbupdate-019-0.sql 
10 Mar 2026 18:45:51,116 INFO com.sismics.util.jpa.DbOpenHelper.executeAllScript(DbOpenHelper.java:142) Executing script: dbupdate-020-0.sql 
10 Mar 2026 18:45:51,124 INFO com.sismics.util.jpa.DbOpenHelper.executeAllScript(DbOpenHelper.java:142) Executing script: dbupdate-021-0.sql 
10 Mar 2026 18:45:51,139 INFO com.sismics.util.jpa.DbOpenHelper.executeAllScript(DbOpenHelper.java:142) Executing script: dbupdate-022-0.sql 
10 Mar 2026 18:45:51,158 INFO com.sismics.util.jpa.DbOpenHelper.executeAllScript(DbOpenHelper.java:142) Executing script: dbupdate-023-0.sql 
10 Mar 2026 18:45:51,171 INFO com.sismics.util.jpa.DbOpenHelper.executeAllScript(DbOpenHelper.java:142) Executing script: dbupdate-024-0.sql 
10 Mar 2026 18:45:51,183 INFO com.sismics.util.jpa.DbOpenHelper.executeAllScript(DbOpenHelper.java:142) Executing script: dbupdate-025-0.sql 
10 Mar 2026 18:45:51,190 INFO com.sismics.util.jpa.DbOpenHelper.executeAllScript(DbOpenHelper.java:142) Executing script: dbupdate-026-0.sql 
10 Mar 2026 18:45:51,197 INFO com.sismics.util.jpa.DbOpenHelper.executeAllScript(DbOpenHelper.java:142) Executing script: dbupdate-027-0.sql 
10 Mar 2026 18:45:51,204 INFO com.sismics.util.jpa.DbOpenHelper.executeAllScript(DbOpenHelper.java:142) Executing script: dbupdate-028-0.sql 
10 Mar 2026 18:45:51,211 INFO com.sismics.util.jpa.DbOpenHelper.executeAllScript(DbOpenHelper.java:142) Executing script: dbupdate-029-0.sql 
10 Mar 2026 18:45:51,223 INFO com.sismics.util.jpa.DbOpenHelper.executeAllScript(DbOpenHelper.java:142) Executing script: dbupdate-030-0.sql 
10 Mar 2026 18:45:51,230 INFO com.sismics.util.jpa.DbOpenHelper.executeAllScript(DbOpenHelper.java:142) Executing script: dbupdate-031-0.sql 
10 Mar 2026 18:45:51,236 INFO com.sismics.util.jpa.DbOpenHelper.open(DbOpenHelper.java:108) Database upgrade complete 
10 Mar 2026 18:45:51,240 INFO com.sismics.util.jpa.EMF.getEntityManagerProperties(EMF.java:67) Configuring EntityManager from hibernate.properties 
10 Mar 2026 18:46:11,233 INFO com.sismics.util.ClasspathScanner.findClasses(ClasspathScanner.java:48) Found 1 classes for IndexingHandler 
10 Mar 2026 18:46:11,884 INFO com.sismics.docs.core.util.indexing.LuceneIndexingHandler.initLucene(LuceneIndexingHandler.java:129) Using RAM Lucene storage 
10 Mar 2026 18:46:13,258 INFO com.sismics.docs.core.service.FileService.startUp(FileService.java:39) File service starting up 
10 Mar 2026 18:46:13,369 INFO com.sismics.docs.core.service.InboxService.startUp(InboxService.java:52) Inbox service starting up 
10 Mar 2026 18:46:13,385 INFO com.sismics.docs.core.service.FileSizeService.startUp(FileSizeService.java:30) File size service starting up 
10 Mar 2026 18:46:15,257 INFO com.sismics.docs.core.service.FileSizeService.lambda$runOneIteration$0(FileSizeService.java:50) No more file to process, stopping the service 
10 Mar 2026 18:46:15,269 INFO com.sismics.docs.core.service.FileSizeService.shutDown(FileSizeService.java:35) File size service shutting down 
10 Mar 2026 18:46:33,924 INFO com.sismics.util.ClasspathScanner.findClasses(ClasspathScanner.java:48) Found 2 classes for AuthenticationHandler 
10 Mar 2026 18:46:41,150 INFO com.sismics.docs.core.listener.async.DocumentCreatedAsyncListener.on(DocumentCreatedAsyncListener.java:35) Document created event: DocumentCreatedAsyncEvent{documentId=4b457226-c6f5-4767-b600-713374f0f031} 
10 Mar 2026 18:46:44,043 INFO com.sismics.docs.core.service.InboxService.shutDown(InboxService.java:57) Inbox service shutting down 
10 Mar 2026 18:46:44,045 INFO com.sismics.docs.core.service.FileService.shutDown(FileService.java:44) File service shutting down 
10 Mar 2026 18:47:02,163 INFO com.sismics.util.jpa.EMF.getEntityManagerProperties(EMF.java:67) Configuring EntityManager from hibernate.properties 
10 Mar 2026 18:47:07,664 INFO com.sismics.util.jpa.DbOpenHelper.open(DbOpenHelper.java:57) Opening database and executing incremental updates 
10 Mar 2026 18:47:07,674 INFO com.sismics.util.jpa.DbOpenHelper.open(DbOpenHelper.java:83) Unable to get database version: Table T_CONFIG not found 
10 Mar 2026 18:47:07,675 INFO com.sismics.util.jpa.DbOpenHelper.open(DbOpenHelper.java:98) Executing initial schema creation script 
10 Mar 2026 18:47:07,712 INFO com.sismics.util.jpa.DbOpenHelper.executeAllScript(DbOpenHelper.java:142) Executing script: dbupdate-000-0.sql 
10 Mar 2026 18:47:08,012 INFO com.sismics.util.jpa.DbOpenHelper.executeAllScript(DbOpenHelper.java:142) Executing script: dbupdate-000-1.sql 
10 Mar 2026 18:47:08,064 INFO com.sismics.util.jpa.DbOpenHelper.open(DbOpenHelper.java:106) Found database version 0, new version is 31, executing database incremental update scripts 
10 Mar 2026 18:47:08,068 INFO com.sismics.util.jpa.DbOpenHelper.executeAllScript(DbOpenHelper.java:142) Executing script: dbupdate-001-0.sql 
10 Mar 2026 18:47:08,154 INFO com.sismics.util.jpa.DbOpenHelper.executeAllScript(DbOpenHelper.java:142) Executing script: dbupdate-002-0.sql 
10 Mar 2026 18:47:08,168 INFO com.sismics.util.jpa.DbOpenHelper.executeAllScript(DbOpenHelper.java:142) Executing script: dbupdate-003-0.sql 
10 Mar 2026 18:47:08,183 INFO com.sismics.util.jpa.DbOpenHelper.executeAllScript(DbOpenHelper.java:142) Executing script: dbupdate-004-0.sql 
10 Mar 2026 18:47:08,212 INFO com.sismics.util.jpa.DbOpenHelper.executeAllScript(DbOpenHelper.java:142) Executing script: dbupdate-005-0.sql 
10 Mar 2026 18:47:08,222 INFO com.sismics.util.jpa.DbOpenHelper.executeAllScript(DbOpenHelper.java:142) Executing script: dbupdate-006-0.sql 
10 Mar 2026 18:47:08,429 INFO com.sismics.util.jpa.DbOpenHelper.executeAllScript(DbOpenHelper.java:142) Executing script: dbupdate-007-0.sql 
10 Mar 2026 18:47:08,440 INFO com.sismics.util.jpa.DbOpenHelper.executeAllScript(DbOpenHelper.java:142) Executing script: dbupdate-008-0.sql 
10 Mar 2026 18:47:08,453 INFO com.sismics.util.jpa.DbOpenHelper.executeAllScript(DbOpenHelper.java:142) Executing script: dbupdate-009-0.sql 
10 Mar 2026 18:47:08,466 INFO com.sismics.util.jpa.DbOpenHelper.executeAllScript(DbOpenHelper.java:142) Executing script: dbupdate-010-0.sql 
10 Mar 2026 18:47:08,475 INFO com.sismics.util.jpa.DbOpenHelper.executeAllScript(DbOpenHelper.java:142) Executing script: dbupdate-011-0.sql 
10 Mar 2026 18:47:08,487 INFO com.sismics.util.jpa.DbOpenHelper.executeAllScript(DbOpenHelper.java:142) Executing script: dbupdate-012-0.sql 
10 Mar 2026 18:47:08,500 INFO com.sismics.util.jpa.DbOpenHelper.executeAllScript(DbOpenHelper.java:142) Executing script: dbupdate-013-0.sql 
10 Mar 2026 18:47:08,508 INFO com.sismics.util.jpa.DbOpenHelper.executeAllScript(DbOpenHelper.java:142) Executing script: dbupdate-014-0.sql 
10 Mar 2026 18:47:08,519 INFO com.sismics.util.jpa.DbOpenHelper.executeAllScript(DbOpenHelper.java:142) Executing script: dbupdate-015-0.sql 
10 Mar 2026 18:47:08,540 INFO com.sismics.util.jpa.DbOpenHelper.executeAllScript(DbOpenHelper.java:142) Executing script: dbupdate-016-0.sql 
10 Mar 2026 18:47:08,548 INFO com.sismics.util.jpa.DbOpenHelper.executeAllScript(DbOpenHelper.java:142) Executing script: dbupdate-017-0.sql 
10 Mar 2026 18:47:08,558 INFO com.sismics.util.jpa.DbOpenHelper.executeAllScript(DbOpenHelper.java:142) Executing script: dbupdate-018-0.sql 
10 Mar 2026 18:47:08,638 INFO com.sismics.util.jpa.DbOpenHelper.executeAllScript(DbOpenHelper.java:142) Executing script: dbupdate-019-0.sql 
10 Mar 2026 18:47:08,646 INFO com.sismics.util.jpa.DbOpenHelper.executeAllScript(DbOpenHelper.java:142) Executing script: dbupdate-020-0.sql 
10 Mar 2026 18:47:08,654 INFO com.sismics.util.jpa.DbOpenHelper.executeAllScript(DbOpenHelper.java:142) Executing script: dbupdate-021-0.sql 
10 Mar 2026 18:47:08,666 INFO com.sismics.util.jpa.DbOpenHelper.executeAllScript(DbOpenHelper.java:142) Executing script: dbupdate-022-0.sql 
10 Mar 2026 18:47:08,684 INFO com.sismics.util.jpa.DbOpenHelper.executeAllScript(DbOpenHelper.java:142) Executing script: dbupdate-023-0.sql 
10 Mar 2026 18:47:08,696 INFO com.sismics.util.jpa.DbOpenHelper.executeAllScript(DbOpenHelper.java:142) Executing script: dbupdate-024-0.sql 
10 Mar 2026 18:47:08,708 INFO com.sismics.util.jpa.DbOpenHelper.executeAllScript(DbOpenHelper.java:142) Executing script: dbupdate-025-0.sql 
10 Mar 2026 18:47:08,716 INFO com.sismics.util.jpa.DbOpenHelper.executeAllScript(DbOpenHelper.java:142) Executing script: dbupdate-026-0.sql 
10 Mar 2026 18:47:08,726 INFO com.sismics.util.jpa.DbOpenHelper.executeAllScript(DbOpenHelper.java:142) Executing script: dbupdate-027-0.sql 
10 Mar 2026 18:47:08,734 INFO com.sismics.util.jpa.DbOpenHelper.executeAllScript(DbOpenHelper.java:142) Executing script: dbupdate-028-0.sql 
10 Mar 2026 18:47:08,740 INFO com.sismics.util.jpa.DbOpenHelper.executeAllScript(DbOpenHelper.java:142) Executing script: dbupdate-029-0.sql 
10 Mar 2026 18:47:08,750 INFO com.sismics.util.jpa.DbOpenHelper.executeAllScript(DbOpenHelper.java:142) Executing script: dbupdate-030-0.sql 
10 Mar 2026 18:47:08,758 INFO com.sismics.util.jpa.DbOpenHelper.executeAllScript(DbOpenHelper.java:142) Executing script: dbupdate-031-0.sql 
10 Mar 2026 18:47:08,763 INFO com.sismics.util.jpa.DbOpenHelper.open(DbOpenHelper.java:108) Database upgrade complete 
10 Mar 2026 18:47:08,767 INFO com.sismics.util.jpa.EMF.getEntityManagerProperties(EMF.java:67) Configuring EntityManager from hibernate.properties 
10 Mar 2026 18:47:26,628 INFO com.sismics.util.ClasspathScanner.findClasses(ClasspathScanner.java:48) Found 1 classes for IndexingHandler 
10 Mar 2026 18:47:27,231 INFO com.sismics.docs.core.util.indexing.LuceneIndexingHandler.initLucene(LuceneIndexingHandler.java:129) Using RAM Lucene storage 
10 Mar 2026 18:47:28,476 INFO com.sismics.docs.core.service.FileService.startUp(FileService.java:39) File service starting up 
10 Mar 2026 18:47:28,565 INFO com.sismics.docs.core.service.InboxService.startUp(InboxService.java:52) Inbox service starting up 
10 Mar 2026 18:47:28,580 INFO com.sismics.docs.core.service.FileSizeService.startUp(FileSizeService.java:30) File size service starting up 
10 Mar 2026 18:47:30,415 INFO com.sismics.docs.core.service.FileSizeService.lambda$runOneIteration$0(FileSizeService.java:50) No more file to process, stopping the service 
10 Mar 2026 18:47:30,424 INFO com.sismics.docs.core.service.FileSizeService.shutDown(FileSizeService.java:35) File size service shutting down 
10 Mar 2026 18:47:41,788 INFO com.sismics.util.ClasspathScanner.findClasses(ClasspathScanner.java:48) Found 2 classes for AuthenticationHandler 
10 Mar 2026 18:47:56,084 INFO com.sismics.docs.core.service.InboxService.shutDown(InboxService.java:57) Inbox service shutting down 
10 Mar 2026 18:47:56,085 INFO com.sismics.docs.core.service.FileService.shutDown(FileService.java:44) File service shutting down 
10 Mar 2026 18:49:54,697 INFO com.sismics.util.jpa.EMF.getEntityManagerProperties(EMF.java:67) Configuring EntityManager from hibernate.properties 
10 Mar 2026 18:50:00,625 INFO com.sismics.util.jpa.DbOpenHelper.open(DbOpenHelper.java:57) Opening database and executing incremental updates 
10 Mar 2026 18:50:00,633 INFO com.sismics.util.jpa.DbOpenHelper.open(DbOpenHelper.java:83) Unable to get database version: Table T_CONFIG not found 
10 Mar 2026 18:50:00,634 INFO com.sismics.util.jpa.DbOpenHelper.open(DbOpenHelper.java:98) Executing initial schema creation script 
10 Mar 2026 18:50:00,667 INFO com.sismics.util.jpa.DbOpenHelper.executeAllScript(DbOpenHelper.java:142) Executing script: dbupdate-000-0.sql 
10 Mar 2026 18:50:00,999 INFO com.sismics.util.jpa.DbOpenHelper.executeAllScript(DbOpenHelper.java:142) Executing script: dbupdate-000-1.sql 
10 Mar 2026 18:50:01,043 INFO com.sismics.util.jpa.DbOpenHelper.open(DbOpenHelper.java:106) Found database version 0, new version is 31, executing database incremental update scripts 
10 Mar 2026 18:50:01,047 INFO com.sismics.util.jpa.DbOpenHelper.executeAllScript(DbOpenHelper.java:142) Executing script: dbupdate-001-0.sql 
10 Mar 2026 18:50:01,120 INFO com.sismics.util.jpa.DbOpenHelper.executeAllScript(DbOpenHelper.java:142) Executing script: dbupdate-002-0.sql 
10 Mar 2026 18:50:01,141 INFO com.sismics.util.jpa.DbOpenHelper.executeAllScript(DbOpenHelper.java:142) Executing script: dbupdate-003-0.sql 
10 Mar 2026 18:50:01,155 INFO com.sismics.util.jpa.DbOpenHelper.executeAllScript(DbOpenHelper.java:142) Executing script: dbupdate-004-0.sql 
10 Mar 2026 18:50:01,178 INFO com.sismics.util.jpa.DbOpenHelper.executeAllScript(DbOpenHelper.java:142) Executing script: dbupdate-005-0.sql 
10 Mar 2026 18:50:01,186 INFO com.sismics.util.jpa.DbOpenHelper.executeAllScript(DbOpenHelper.java:142) Executing script: dbupdate-006-0.sql 
10 Mar 2026 18:50:01,381 INFO com.sismics.util.jpa.DbOpenHelper.executeAllScript(DbOpenHelper.java:142) Executing script: dbupdate-007-0.sql 
10 Mar 2026 18:50:01,393 INFO com.sismics.util.jpa.DbOpenHelper.executeAllScript(DbOpenHelper.java:142) Executing script: dbupdate-008-0.sql 
10 Mar 2026 18:50:01,404 INFO com.sismics.util.jpa.DbOpenHelper.executeAllScript(DbOpenHelper.java:142) Executing script: dbupdate-009-0.sql 
10 Mar 2026 18:50:01,419 INFO com.sismics.util.jpa.DbOpenHelper.executeAllScript(DbOpenHelper.java:142) Executing script: dbupdate-010-0.sql 
10 Mar 2026 18:50:01,429 INFO com.sismics.util.jpa.DbOpenHelper.executeAllScript(DbOpenHelper.java:142) Executing script: dbupdate-011-0.sql 
10 Mar 2026 18:50:01,441 INFO com.sismics.util.jpa.DbOpenHelper.executeAllScript(DbOpenHelper.java:142) Executing script: dbupdate-012-0.sql 
10 Mar 2026 18:50:01,459 INFO com.sismics.util.jpa.DbOpenHelper.executeAllScript(DbOpenHelper.java:142) Executing script: dbupdate-013-0.sql 
10 Mar 2026 18:50:01,468 INFO com.sismics.util.jpa.DbOpenHelper.executeAllScript(DbOpenHelper.java:142) Executing script: dbupdate-014-0.sql 
10 Mar 2026 18:50:01,479 INFO com.sismics.util.jpa.DbOpenHelper.executeAllScript(DbOpenHelper.java:142) Executing script: dbupdate-015-0.sql 
10 Mar 2026 18:50:01,499 INFO com.sismics.util.jpa.DbOpenHelper.executeAllScript(DbOpenHelper.java:142) Executing script: dbupdate-016-0.sql 
10 Mar 2026 18:50:01,507 INFO com.sismics.util.jpa.DbOpenHelper.executeAllScript(DbOpenHelper.java:142) Executing script: dbupdate-017-0.sql 
10 Mar 2026 18:50:01,517 INFO com.sismics.util.jpa.DbOpenHelper.executeAllScript(DbOpenHelper.java:142) Executing script: dbupdate-018-0.sql 
10 Mar 2026 18:50:01,601 INFO com.sismics.util.jpa.DbOpenHelper.executeAllScript(DbOpenHelper.java:142) Executing script: dbupdate-019-0.sql 
10 Mar 2026 18:50:01,609 INFO com.sismics.util.jpa.DbOpenHelper.executeAllScript(DbOpenHelper.java:142) Executing script: dbupdate-020-0.sql 
10 Mar 2026 18:50:01,617 INFO com.sismics.util.jpa.DbOpenHelper.executeAllScript(DbOpenHelper.java:142) Executing script: dbupdate-021-0.sql 
10 Mar 2026 18:50:01,634 INFO com.sismics.util.jpa.DbOpenHelper.executeAllScript(DbOpenHelper.java:142) Executing script: dbupdate-022-0.sql 
10 Mar 2026 18:50:01,653 INFO com.sismics.util.jpa.DbOpenHelper.executeAllScript(DbOpenHelper.java:142) Executing script: dbupdate-023-0.sql 
10 Mar 2026 18:50:01,667 INFO com.sismics.util.jpa.DbOpenHelper.executeAllScript(DbOpenHelper.java:142) Executing script: dbupdate-024-0.sql 
10 Mar 2026 18:50:01,680 INFO com.sismics.util.jpa.DbOpenHelper.executeAllScript(DbOpenHelper.java:142) Executing script: dbupdate-025-0.sql 
10 Mar 2026 18:50:01,687 INFO com.sismics.util.jpa.DbOpenHelper.executeAllScript(DbOpenHelper.java:142) Executing script: dbupdate-026-0.sql 
10 Mar 2026 18:50:01,694 INFO com.sismics.util.jpa.DbOpenHelper.executeAllScript(DbOpenHelper.java:142) Executing script: dbupdate-027-0.sql 
10 Mar 2026 18:50:01,702 INFO com.sismics.util.jpa.DbOpenHelper.executeAllScript(DbOpenHelper.java:142) Executing script: dbupdate-028-0.sql 
10 Mar 2026 18:50:01,709 INFO com.sismics.util.jpa.DbOpenHelper.executeAllScript(DbOpenHelper.java:142) Executing script: dbupdate-029-0.sql 
10 Mar 2026 18:50:01,720 INFO com.sismics.util.jpa.DbOpenHelper.executeAllScript(DbOpenHelper.java:142) Executing script: dbupdate-030-0.sql 
10 Mar 2026 18:50:01,729 INFO com.sismics.util.jpa.DbOpenHelper.executeAllScript(DbOpenHelper.java:142) Executing script: dbupdate-031-0.sql 
10 Mar 2026 18:50:01,734 INFO com.sismics.util.jpa.DbOpenHelper.open(DbOpenHelper.java:108) Database upgrade complete 
10 Mar 2026 18:50:01,738 INFO com.sismics.util.jpa.EMF.getEntityManagerProperties(EMF.java:67) Configuring EntityManager from hibernate.properties 
10 Mar 2026 18:50:19,243 INFO com.sismics.util.ClasspathScanner.findClasses(ClasspathScanner.java:48) Found 1 classes for IndexingHandler 
10 Mar 2026 18:50:19,791 INFO com.sismics.docs.core.util.indexing.LuceneIndexingHandler.initLucene(LuceneIndexingHandler.java:129) Using RAM Lucene storage 
10 Mar 2026 18:50:21,014 INFO com.sismics.docs.core.service.FileService.startUp(FileService.java:39) File service starting up 
10 Mar 2026 18:50:21,101 INFO com.sismics.docs.core.service.InboxService.startUp(InboxService.java:52) Inbox service starting up 
10 Mar 2026 18:50:21,119 INFO com.sismics.docs.core.service.FileSizeService.startUp(FileSizeService.java:30) File size service starting up 
10 Mar 2026 18:50:22,932 INFO com.sismics.docs.core.service.FileSizeService.lambda$runOneIteration$0(FileSizeService.java:50) No more file to process, stopping the service 
10 Mar 2026 18:50:22,941 INFO com.sismics.docs.core.service.FileSizeService.shutDown(FileSizeService.java:35) File size service shutting down 
10 Mar 2026 18:50:37,800 INFO com.sismics.util.ClasspathScanner.findClasses(ClasspathScanner.java:48) Found 2 classes for AuthenticationHandler 
10 Mar 2026 18:50:44,547 INFO com.sismics.docs.core.listener.async.DocumentCreatedAsyncListener.on(DocumentCreatedAsyncListener.java:35) Document created event: DocumentCreatedAsyncEvent{documentId=180a2637-29ef-40d6-a713-639a4497f87c} 
10 Mar 2026 18:51:00,081 INFO com.sismics.docs.core.service.InboxService.shutDown(InboxService.java:57) Inbox service shutting down 
10 Mar 2026 18:51:00,082 INFO com.sismics.docs.core.service.FileService.shutDown(FileService.java:44) File service shutting down 
10 Mar 2026 18:51:24,155 INFO com.sismics.util.jpa.EMF.getEntityManagerProperties(EMF.java:67) Configuring EntityManager from hibernate.properties 
10 Mar 2026 18:51:29,185 INFO com.sismics.util.jpa.DbOpenHelper.open(DbOpenHelper.java:57) Opening database and executing incremental updates 
10 Mar 2026 18:51:29,192 INFO com.sismics.util.jpa.DbOpenHelper.open(DbOpenHelper.java:83) Unable to get database version: Table T_CONFIG not found 
10 Mar 2026 18:51:29,192 INFO com.sismics.util.jpa.DbOpenHelper.open(DbOpenHelper.java:98) Executing initial schema creation script 
10 Mar 2026 18:51:29,224 INFO com.sismics.util.jpa.DbOpenHelper.executeAllScript(DbOpenHelper.java:142) Executing script: dbupdate-000-0.sql 
10 Mar 2026 18:51:29,500 INFO com.sismics.util.jpa.DbOpenHelper.executeAllScript(DbOpenHelper.java:142) Executing script: dbupdate-000-1.sql 
10 Mar 2026 18:51:29,551 INFO com.sismics.util.jpa.DbOpenHelper.open(DbOpenHelper.java:106) Found database version 0, new version is 31, executing database incremental update scripts 
10 Mar 2026 18:51:29,556 INFO com.sismics.util.jpa.DbOpenHelper.executeAllScript(DbOpenHelper.java:142) Executing script: dbupdate-001-0.sql 
10 Mar 2026 18:51:29,645 INFO com.sismics.util.jpa.DbOpenHelper.executeAllScript(DbOpenHelper.java:142) Executing script: dbupdate-002-0.sql 
10 Mar 2026 18:51:29,660 INFO com.sismics.util.jpa.DbOpenHelper.executeAllScript(DbOpenHelper.java:142) Executing script: dbupdate-003-0.sql 
10 Mar 2026 18:51:29,675 INFO com.sismics.util.jpa.DbOpenHelper.executeAllScript(DbOpenHelper.java:142) Executing script: dbupdate-004-0.sql 
10 Mar 2026 18:51:29,699 INFO com.sismics.util.jpa.DbOpenHelper.executeAllScript(DbOpenHelper.java:142) Executing script: dbupdate-005-0.sql 
10 Mar 2026 18:51:29,709 INFO com.sismics.util.jpa.DbOpenHelper.executeAllScript(DbOpenHelper.java:142) Executing script: dbupdate-006-0.sql 
10 Mar 2026 18:51:29,913 INFO com.sismics.util.jpa.DbOpenHelper.executeAllScript(DbOpenHelper.java:142) Executing script: dbupdate-007-0.sql 
10 Mar 2026 18:51:29,926 INFO com.sismics.util.jpa.DbOpenHelper.executeAllScript(DbOpenHelper.java:142) Executing script: dbupdate-008-0.sql 
10 Mar 2026 18:51:29,939 INFO com.sismics.util.jpa.DbOpenHelper.executeAllScript(DbOpenHelper.java:142) Executing script: dbupdate-009-0.sql 
10 Mar 2026 18:51:29,954 INFO com.sismics.util.jpa.DbOpenHelper.executeAllScript(DbOpenHelper.java:142) Executing script: dbupdate-010-0.sql 
10 Mar 2026 18:51:29,964 INFO com.sismics.util.jpa.DbOpenHelper.executeAllScript(DbOpenHelper.java:142) Executing script: dbupdate-011-0.sql 
10 Mar 2026 18:51:29,975 INFO com.sismics.util.jpa.DbOpenHelper.executeAllScript(DbOpenHelper.java:142) Executing script: dbupdate-012-0.sql 
10 Mar 2026 18:51:29,993 INFO com.sismics.util.jpa.DbOpenHelper.executeAllScript(DbOpenHelper.java:142) Executing script: dbupdate-013-0.sql 
10 Mar 2026 18:51:30,002 INFO com.sismics.util.jpa.DbOpenHelper.executeAllScript(DbOpenHelper.java:142) Executing script: dbupdate-014-0.sql 
10 Mar 2026 18:51:30,014 INFO com.sismics.util.jpa.DbOpenHelper.executeAllScript(DbOpenHelper.java:142) Executing script: dbupdate-015-0.sql 
10 Mar 2026 18:51:30,036 INFO com.sismics.util.jpa.DbOpenHelper.executeAllScript(DbOpenHelper.java:142) Executing script: dbupdate-016-0.sql 
10 Mar 2026 18:51:30,044 INFO com.sismics.util.jpa.DbOpenHelper.executeAllScript(DbOpenHelper.java:142) Executing script: dbupdate-017-0.sql 
10 Mar 2026 18:51:30,054 INFO com.sismics.util.jpa.DbOpenHelper.executeAllScript(DbOpenHelper.java:142) Executing script: dbupdate-018-0.sql 
10 Mar 2026 18:51:30,136 INFO com.sismics.util.jpa.DbOpenHelper.executeAllScript(DbOpenHelper.java:142) Executing script: dbupdate-019-0.sql 
10 Mar 2026 18:51:30,144 INFO com.sismics.util.jpa.DbOpenHelper.executeAllScript(DbOpenHelper.java:142) Executing script: dbupdate-020-0.sql 
10 Mar 2026 18:51:30,152 INFO com.sismics.util.jpa.DbOpenHelper.executeAllScript(DbOpenHelper.java:142) Executing script: dbupdate-021-0.sql 
10 Mar 2026 18:51:30,168 INFO com.sismics.util.jpa.DbOpenHelper.executeAllScript(DbOpenHelper.java:142) Executing script: dbupdate-022-0.sql 
10 Mar 2026 18:51:30,183 INFO com.sismics.util.jpa.DbOpenHelper.executeAllScript(DbOpenHelper.java:142) Executing script: dbupdate-023-0.sql 
10 Mar 2026 18:51:30,193 INFO com.sismics.util.jpa.DbOpenHelper.executeAllScript(DbOpenHelper.java:142) Executing script: dbupdate-024-0.sql 
10 Mar 2026 18:51:30,205 INFO com.sismics.util.jpa.DbOpenHelper.executeAllScript(DbOpenHelper.java:142) Executing script: dbupdate-025-0.sql 
10 Mar 2026 18:51:30,213 INFO com.sismics.util.jpa.DbOpenHelper.executeAllScript(DbOpenHelper.java:142) Executing script: dbupdate-026-0.sql 
10 Mar 2026 18:51:30,220 INFO com.sismics.util.jpa.DbOpenHelper.executeAllScript(DbOpenHelper.java:142) Executing script: dbupdate-027-0.sql 
10 Mar 2026 18:51:30,229 INFO com.sismics.util.jpa.DbOpenHelper.executeAllScript(DbOpenHelper.java:142) Executing script: dbupdate-028-0.sql 
10 Mar 2026 18:51:30,236 INFO com.sismics.util.jpa.DbOpenHelper.executeAllScript(DbOpenHelper.java:142) Executing script: dbupdate-029-0.sql 
10 Mar 2026 18:51:30,248 INFO com.sismics.util.jpa.DbOpenHelper.executeAllScript(DbOpenHelper.java:142) Executing script: dbupdate-030-0.sql 
10 Mar 2026 18:51:30,263 INFO com.sismics.util.jpa.DbOpenHelper.executeAllScript(DbOpenHelper.java:142) Executing script: dbupdate-031-0.sql 
10 Mar 2026 18:51:30,268 INFO com.sismics.util.jpa.DbOpenHelper.open(DbOpenHelper.java:108) Database upgrade complete 
10 Mar 2026 18:51:30,273 INFO com.sismics.util.jpa.EMF.getEntityManagerProperties(EMF.java:67) Configuring EntityManager from hibernate.properties 
10 Mar 2026 18:51:48,183 INFO com.sismics.util.ClasspathScanner.findClasses(ClasspathScanner.java:48) Found 1 classes for IndexingHandler 
10 Mar 2026 18:51:48,702 INFO com.sismics.docs.core.util.indexing.LuceneIndexingHandler.initLucene(LuceneIndexingHandler.java:129) Using RAM Lucene storage 
10 Mar 2026 18:51:49,852 INFO com.sismics.docs.core.service.FileService.startUp(FileService.java:39) File service starting up 
10 Mar 2026 18:51:49,928 INFO com.sismics.docs.core.service.InboxService.startUp(InboxService.java:52) Inbox service starting up 
10 Mar 2026 18:51:49,950 INFO com.sismics.docs.core.service.FileSizeService.startUp(FileSizeService.java:30) File size service starting up 
10 Mar 2026 18:51:51,768 INFO com.sismics.docs.core.service.FileSizeService.lambda$runOneIteration$0(FileSizeService.java:50) No more file to process, stopping the service 
10 Mar 2026 18:51:51,778 INFO com.sismics.docs.core.service.FileSizeService.shutDown(FileSizeService.java:35) File size service shutting down 
10 Mar 2026 18:52:04,393 INFO com.sismics.util.ClasspathScanner.findClasses(ClasspathScanner.java:48) Found 2 classes for AuthenticationHandler 
10 Mar 2026 18:52:15,207 INFO com.sismics.docs.core.service.InboxService.shutDown(InboxService.java:57) Inbox service shutting down 
10 Mar 2026 18:52:15,209 INFO com.sismics.docs.core.service.FileService.shutDown(FileService.java:44) File service shutting down 
10 Mar 2026 19:11:31,852 INFO com.sismics.util.jpa.EMF.getEntityManagerProperties(EMF.java:67) Configuring EntityManager from hibernate.properties 
10 Mar 2026 19:11:39,198 INFO com.sismics.util.jpa.DbOpenHelper.open(DbOpenHelper.java:57) Opening database and executing incremental updates 
10 Mar 2026 19:11:39,219 INFO com.sismics.util.jpa.DbOpenHelper.open(DbOpenHelper.java:83) Unable to get database version: Table T_CONFIG not found 
10 Mar 2026 19:11:39,221 INFO com.sismics.util.jpa.DbOpenHelper.open(DbOpenHelper.java:98) Executing initial schema creation script 
10 Mar 2026 19:11:39,279 INFO com.sismics.util.jpa.DbOpenHelper.executeAllScript(DbOpenHelper.java:142) Executing script: dbupdate-000-0.sql 
10 Mar 2026 19:11:39,630 INFO com.sismics.util.jpa.DbOpenHelper.executeAllScript(DbOpenHelper.java:142) Executing script: dbupdate-000-1.sql 
10 Mar 2026 19:11:39,678 INFO com.sismics.util.jpa.DbOpenHelper.open(DbOpenHelper.java:106) Found database version 0, new version is 31, executing database incremental update scripts 
10 Mar 2026 19:11:39,682 INFO com.sismics.util.jpa.DbOpenHelper.executeAllScript(DbOpenHelper.java:142) Executing script: dbupdate-001-0.sql 
10 Mar 2026 19:11:39,758 INFO com.sismics.util.jpa.DbOpenHelper.executeAllScript(DbOpenHelper.java:142) Executing script: dbupdate-002-0.sql 
10 Mar 2026 19:11:39,774 INFO com.sismics.util.jpa.DbOpenHelper.executeAllScript(DbOpenHelper.java:142) Executing script: dbupdate-003-0.sql 
10 Mar 2026 19:11:39,790 INFO com.sismics.util.jpa.DbOpenHelper.executeAllScript(DbOpenHelper.java:142) Executing script: dbupdate-004-0.sql 
10 Mar 2026 19:11:39,818 INFO com.sismics.util.jpa.DbOpenHelper.executeAllScript(DbOpenHelper.java:142) Executing script: dbupdate-005-0.sql 
10 Mar 2026 19:11:39,825 INFO com.sismics.util.jpa.DbOpenHelper.executeAllScript(DbOpenHelper.java:142) Executing script: dbupdate-006-0.sql 
10 Mar 2026 19:11:40,034 INFO com.sismics.util.jpa.DbOpenHelper.executeAllScript(DbOpenHelper.java:142) Executing script: dbupdate-007-0.sql 
10 Mar 2026 19:11:40,049 INFO com.sismics.util.jpa.DbOpenHelper.executeAllScript(DbOpenHelper.java:142) Executing script: dbupdate-008-0.sql 
10 Mar 2026 19:11:40,062 INFO com.sismics.util.jpa.DbOpenHelper.executeAllScript(DbOpenHelper.java:142) Executing script: dbupdate-009-0.sql 
10 Mar 2026 19:11:40,075 INFO com.sismics.util.jpa.DbOpenHelper.executeAllScript(DbOpenHelper.java:142) Executing script: dbupdate-010-0.sql 
10 Mar 2026 19:11:40,084 INFO com.sismics.util.jpa.DbOpenHelper.executeAllScript(DbOpenHelper.java:142) Executing script: dbupdate-011-0.sql 
10 Mar 2026 19:11:40,097 INFO com.sismics.util.jpa.DbOpenHelper.executeAllScript(DbOpenHelper.java:142) Executing script: dbupdate-012-0.sql 
10 Mar 2026 19:11:40,108 INFO com.sismics.util.jpa.DbOpenHelper.executeAllScript(DbOpenHelper.java:142) Executing script: dbupdate-013-0.sql 
10 Mar 2026 19:11:40,118 INFO com.sismics.util.jpa.DbOpenHelper.executeAllScript(DbOpenHelper.java:142) Executing script: dbupdate-014-0.sql 
10 Mar 2026 19:11:40,129 INFO com.sismics.util.jpa.DbOpenHelper.executeAllScript(DbOpenHelper.java:142) Executing script: dbupdate-015-0.sql 
10 Mar 2026 19:11:40,151 INFO com.sismics.util.jpa.DbOpenHelper.executeAllScript(DbOpenHelper.java:142) Executing script: dbupdate-016-0.sql 
10 Mar 2026 19:11:40,159 INFO com.sismics.util.jpa.DbOpenHelper.executeAllScript(DbOpenHelper.java:142) Executing script: dbupdate-017-0.sql 
10 Mar 2026 19:11:40,169 INFO com.sismics.util.jpa.DbOpenHelper.executeAllScript(DbOpenHelper.java:142) Executing script: dbupdate-018-0.sql 
10 Mar 2026 19:11:40,255 INFO com.sismics.util.jpa.DbOpenHelper.executeAllScript(DbOpenHelper.java:142) Executing script: dbupdate-019-0.sql 
10 Mar 2026 19:11:40,264 INFO com.sismics.util.jpa.DbOpenHelper.executeAllScript(DbOpenHelper.java:142) Executing script: dbupdate-020-0.sql 
10 Mar 2026 19:11:40,271 INFO com.sismics.util.jpa.DbOpenHelper.executeAllScript(DbOpenHelper.java:142) Executing script: dbupdate-021-0.sql 
10 Mar 2026 19:11:40,287 INFO com.sismics.util.jpa.DbOpenHelper.executeAllScript(DbOpenHelper.java:142) Executing script: dbupdate-022-0.sql 
10 Mar 2026 19:11:40,306 INFO com.sismics.util.jpa.DbOpenHelper.executeAllScript(DbOpenHelper.java:142) Executing script: dbupdate-023-0.sql 
10 Mar 2026 19:11:40,319 INFO com.sismics.util.jpa.DbOpenHelper.executeAllScript(DbOpenHelper.java:142) Executing script: dbupdate-024-0.sql 
10 Mar 2026 19:11:40,331 INFO com.sismics.util.jpa.DbOpenHelper.executeAllScript(DbOpenHelper.java:142) Executing script: dbupdate-025-0.sql 
10 Mar 2026 19:11:40,339 INFO com.sismics.util.jpa.DbOpenHelper.executeAllScript(DbOpenHelper.java:142) Executing script: dbupdate-026-0.sql 
10 Mar 2026 19:11:40,345 INFO com.sismics.util.jpa.DbOpenHelper.executeAllScript(DbOpenHelper.java:142) Executing script: dbupdate-027-0.sql 
10 Mar 2026 19:11:40,353 INFO com.sismics.util.jpa.DbOpenHelper.executeAllScript(DbOpenHelper.java:142) Executing script: dbupdate-028-0.sql 
10 Mar 2026 19:11:40,360 INFO com.sismics.util.jpa.DbOpenHelper.executeAllScript(DbOpenHelper.java:142) Executing script: dbupdate-029-0.sql 
10 Mar 2026 19:11:40,370 INFO com.sismics.util.jpa.DbOpenHelper.executeAllScript(DbOpenHelper.java:142) Executing script: dbupdate-030-0.sql 
10 Mar 2026 19:11:40,378 INFO com.sismics.util.jpa.DbOpenHelper.executeAllScript(DbOpenHelper.java:142) Executing script: dbupdate-031-0.sql 
10 Mar 2026 19:11:40,382 INFO com.sismics.util.jpa.DbOpenHelper.open(DbOpenHelper.java:108) Database upgrade complete 
10 Mar 2026 19:11:40,386 INFO com.sismics.util.jpa.EMF.getEntityManagerProperties(EMF.java:67) Configuring EntityManager from hibernate.properties 
10 Mar 2026 19:12:00,721 INFO com.sismics.util.ClasspathScanner.findClasses(ClasspathScanner.java:48) Found 1 classes for IndexingHandler 
10 Mar 2026 19:12:01,437 INFO com.sismics.docs.core.util.indexing.LuceneIndexingHandler.initLucene(LuceneIndexingHandler.java:129) Using RAM Lucene storage 
10 Mar 2026 19:12:02,849 INFO com.sismics.docs.core.service.FileService.startUp(FileService.java:39) File service starting up 
10 Mar 2026 19:12:02,947 INFO com.sismics.docs.core.service.InboxService.startUp(InboxService.java:52) Inbox service starting up 
10 Mar 2026 19:12:02,963 INFO com.sismics.docs.core.service.FileSizeService.startUp(FileSizeService.java:30) File size service starting up 
10 Mar 2026 19:12:04,888 INFO com.sismics.docs.core.service.FileSizeService.lambda$runOneIteration$0(FileSizeService.java:50) No more file to process, stopping the service 
10 Mar 2026 19:12:04,896 INFO com.sismics.docs.core.service.FileSizeService.shutDown(FileSizeService.java:35) File size service shutting down 
10 Mar 2026 19:12:18,181 INFO com.sismics.util.ClasspathScanner.findClasses(ClasspathScanner.java:48) Found 2 classes for AuthenticationHandler 
10 Mar 2026 19:12:34,251 INFO com.sismics.docs.core.listener.async.DocumentCreatedAsyncListener.on(DocumentCreatedAsyncListener.java:35) Document created event: DocumentCreatedAsyncEvent{documentId=93c40a3a-10b2-449a-b003-a65118370b36} 
10 Mar 2026 19:12:36,368 INFO com.sismics.docs.core.util.FileUtil.startProcessingFile(FileUtil.java:225) Processing started for file: 53cc69f2-b8ae-4b56-944f-f0ece9d6a708 
10 Mar 2026 19:12:36,380 INFO com.sismics.docs.core.listener.async.FileProcessingAsyncListener.on(FileProcessingAsyncListener.java:53) File created event: FileCreatedAsyncEvent{fileId=53cc69f2-b8ae-4b56-944f-f0ece9d6a708, language=eng} 
10 Mar 2026 19:12:36,381 INFO com.sismics.docs.core.listener.async.DocumentUpdatedAsyncListener.on(DocumentUpdatedAsyncListener.java:39) Document updated event: DocumentUpdatedAsyncEvent{documentId=93c40a3a-10b2-449a-b003-a65118370b36} 
10 Mar 2026 19:12:36,918 INFO com.sismics.util.ClasspathScanner.findClasses(ClasspathScanner.java:48) Found 7 classes for FormatHandler 
10 Mar 2026 19:12:36,994 INFO com.sismics.docs.core.listener.async.FileProcessingAsyncListener.extractContent(FileProcessingAsyncListener.java:143) Format unhandled: text/x-python 
10 Mar 2026 19:12:37,003 INFO com.sismics.docs.core.util.FileUtil.endProcessingFile(FileUtil.java:235) Processing ended for file: 53cc69f2-b8ae-4b56-944f-f0ece9d6a708 
10 Mar 2026 19:12:47,847 INFO com.sismics.docs.core.service.InboxService.shutDown(InboxService.java:57) Inbox service shutting down 
10 Mar 2026 19:12:47,848 INFO com.sismics.docs.core.service.FileService.shutDown(FileService.java:44) File service shutting down 
10 Mar 2026 19:13:12,969 INFO com.sismics.util.jpa.EMF.getEntityManagerProperties(EMF.java:67) Configuring EntityManager from hibernate.properties 
10 Mar 2026 19:13:18,990 INFO com.sismics.util.jpa.DbOpenHelper.open(DbOpenHelper.java:57) Opening database and executing incremental updates 
10 Mar 2026 19:13:19,031 INFO com.sismics.util.jpa.DbOpenHelper.open(DbOpenHelper.java:106) Found database version 31, new version is 31, executing database incremental update scripts 
10 Mar 2026 19:13:19,032 INFO com.sismics.util.jpa.DbOpenHelper.open(DbOpenHelper.java:108) Database upgrade complete 
10 Mar 2026 19:13:19,036 INFO com.sismics.util.jpa.EMF.getEntityManagerProperties(EMF.java:67) Configuring EntityManager from hibernate.properties 
10 Mar 2026 19:13:35,325 INFO com.sismics.util.ClasspathScanner.findClasses(ClasspathScanner.java:48) Found 1 classes for IndexingHandler 
10 Mar 2026 19:13:35,949 INFO com.sismics.docs.core.util.indexing.LuceneIndexingHandler.initLucene(LuceneIndexingHandler.java:129) Using RAM Lucene storage 
10 Mar 2026 19:13:37,255 INFO com.sismics.docs.core.service.FileService.startUp(FileService.java:39) File service starting up 
10 Mar 2026 19:13:37,336 INFO com.sismics.docs.core.service.InboxService.startUp(InboxService.java:52) Inbox service starting up 
10 Mar 2026 19:13:37,351 INFO com.sismics.docs.core.service.FileSizeService.startUp(FileSizeService.java:30) File size service starting up 
10 Mar 2026 19:13:39,106 INFO com.sismics.docs.core.service.FileSizeService.lambda$runOneIteration$0(FileSizeService.java:50) No more file to process, stopping the service 
10 Mar 2026 19:13:39,114 INFO com.sismics.docs.core.service.FileSizeService.shutDown(FileSizeService.java:35) File size service shutting down 
10 Mar 2026 19:14:02,641 INFO com.sismics.docs.core.service.InboxService.shutDown(InboxService.java:57) Inbox service shutting down 
10 Mar 2026 19:14:02,643 INFO com.sismics.docs.core.service.FileService.shutDown(FileService.java:44) File service shutting down 
12 Mar 2026 10:19:26,672 INFO com.sismics.util.jpa.EMF.getEntityManagerProperties(EMF.java:67) Configuring EntityManager from hibernate.properties 
12 Mar 2026 10:19:33,843 INFO com.sismics.util.jpa.DbOpenHelper.open(DbOpenHelper.java:57) Opening database and executing incremental updates 
12 Mar 2026 10:19:33,892 INFO com.sismics.util.jpa.DbOpenHelper.open(DbOpenHelper.java:106) Found database version 31, new version is 31, executing database incremental update scripts 
12 Mar 2026 10:19:33,894 INFO com.sismics.util.jpa.DbOpenHelper.open(DbOpenHelper.java:108) Database upgrade complete 
12 Mar 2026 10:19:33,898 INFO com.sismics.util.jpa.EMF.getEntityManagerProperties(EMF.java:67) Configuring EntityManager from hibernate.properties 
12 Mar 2026 10:19:53,372 INFO com.sismics.util.ClasspathScanner.findClasses(ClasspathScanner.java:48) Found 1 classes for IndexingHandler 
12 Mar 2026 10:19:53,972 INFO com.sismics.docs.core.util.indexing.LuceneIndexingHandler.initLucene(LuceneIndexingHandler.java:129) Using RAM Lucene storage 
12 Mar 2026 10:19:55,204 INFO com.sismics.docs.core.service.FileService.startUp(FileService.java:39) File service starting up 
12 Mar 2026 10:19:55,299 INFO com.sismics.docs.core.service.InboxService.startUp(InboxService.java:52) Inbox service starting up 
12 Mar 2026 10:19:55,314 INFO com.sismics.docs.core.service.FileSizeService.startUp(FileSizeService.java:30) File size service starting up 
12 Mar 2026 10:19:57,077 INFO com.sismics.docs.core.service.FileSizeService.lambda$runOneIteration$0(FileSizeService.java:50) No more file to process, stopping the service 
12 Mar 2026 10:19:57,087 INFO com.sismics.docs.core.service.FileSizeService.shutDown(FileSizeService.java:35) File size service shutting down 
12 Mar 2026 10:20:10,186 INFO com.sismics.util.ClasspathScanner.findClasses(ClasspathScanner.java:48) Found 2 classes for AuthenticationHandler 
12 Mar 2026 10:26:11,125 INFO com.sismics.docs.core.service.InboxService.shutDown(InboxService.java:57) Inbox service shutting down 
12 Mar 2026 10:26:11,126 INFO com.sismics.docs.core.service.FileService.shutDown(FileService.java:44) File service shutting down 
17 Mar 2026 10:14:53,212 INFO com.sismics.util.jpa.EMF.getEntityManagerProperties(EMF.java:67) Configuring EntityManager from hibernate.properties 
17 Mar 2026 10:14:57,840 INFO com.sismics.util.jpa.DbOpenHelper.open(DbOpenHelper.java:57) Opening database and executing incremental updates 
17 Mar 2026 10:14:57,869 INFO com.sismics.util.jpa.DbOpenHelper.open(DbOpenHelper.java:106) Found database version 31, new version is 31, executing database incremental update scripts 
17 Mar 2026 10:14:57,870 INFO com.sismics.util.jpa.DbOpenHelper.open(DbOpenHelper.java:108) Database upgrade complete 
17 Mar 2026 10:14:57,872 INFO com.sismics.util.jpa.EMF.getEntityManagerProperties(EMF.java:67) Configuring EntityManager from hibernate.properties 
17 Mar 2026 10:15:18,943 INFO com.sismics.util.ClasspathScanner.findClasses(ClasspathScanner.java:48) Found 1 classes for IndexingHandler 
17 Mar 2026 10:15:19,647 INFO com.sismics.docs.core.util.indexing.LuceneIndexingHandler.initLucene(LuceneIndexingHandler.java:129) Using RAM Lucene storage 
17 Mar 2026 10:15:20,944 INFO com.sismics.docs.core.service.FileService.startUp(FileService.java:39) File service starting up 
17 Mar 2026 10:15:21,074 INFO com.sismics.docs.core.service.InboxService.startUp(InboxService.java:52) Inbox service starting up 
17 Mar 2026 10:15:21,090 INFO com.sismics.docs.core.service.FileSizeService.startUp(FileSizeService.java:30) File size service starting up 
17 Mar 2026 10:15:23,091 INFO com.sismics.docs.core.service.FileSizeService.lambda$runOneIteration$0(FileSizeService.java:50) No more file to process, stopping the service 
17 Mar 2026 10:15:23,109 INFO com.sismics.docs.core.service.FileSizeService.shutDown(FileSizeService.java:35) File size service shutting down 
17 Mar 2026 10:15:36,009 INFO com.sismics.util.ClasspathScanner.findClasses(ClasspathScanner.java:48) Found 2 classes for AuthenticationHandler 
17 Mar 2026 10:15:42,674 INFO com.sismics.docs.core.service.InboxService.shutDown(InboxService.java:57) Inbox service shutting down 
17 Mar 2026 10:15:42,675 INFO com.sismics.docs.core.service.FileService.shutDown(FileService.java:44) File service shutting down 
17 Mar 2026 10:15:59,584 INFO com.sismics.util.jpa.EMF.getEntityManagerProperties(EMF.java:67) Configuring EntityManager from hibernate.properties 
17 Mar 2026 10:16:04,322 INFO com.sismics.util.jpa.DbOpenHelper.open(DbOpenHelper.java:57) Opening database and executing incremental updates 
17 Mar 2026 10:16:04,363 INFO com.sismics.util.jpa.DbOpenHelper.open(DbOpenHelper.java:106) Found database version 31, new version is 31, executing database incremental update scripts 
17 Mar 2026 10:16:04,390 INFO com.sismics.util.jpa.DbOpenHelper.open(DbOpenHelper.java:108) Database upgrade complete 
17 Mar 2026 10:16:04,394 INFO com.sismics.util.jpa.EMF.getEntityManagerProperties(EMF.java:67) Configuring EntityManager from hibernate.properties 
17 Mar 2026 10:16:23,551 INFO com.sismics.util.ClasspathScanner.findClasses(ClasspathScanner.java:48) Found 1 classes for IndexingHandler 
17 Mar 2026 10:16:24,103 INFO com.sismics.docs.core.util.indexing.LuceneIndexingHandler.initLucene(LuceneIndexingHandler.java:129) Using RAM Lucene storage 
17 Mar 2026 10:16:25,231 INFO com.sismics.docs.core.service.FileService.startUp(FileService.java:39) File service starting up 
17 Mar 2026 10:16:25,312 INFO com.sismics.docs.core.service.InboxService.startUp(InboxService.java:52) Inbox service starting up 
17 Mar 2026 10:16:25,332 INFO com.sismics.docs.core.service.FileSizeService.startUp(FileSizeService.java:30) File size service starting up 
17 Mar 2026 10:16:27,054 INFO com.sismics.docs.core.service.FileSizeService.lambda$runOneIteration$0(FileSizeService.java:50) No more file to process, stopping the service 
17 Mar 2026 10:16:27,065 INFO com.sismics.docs.core.service.FileSizeService.shutDown(FileSizeService.java:35) File size service shutting down 
17 Mar 2026 10:16:48,806 INFO com.sismics.util.ClasspathScanner.findClasses(ClasspathScanner.java:48) Found 2 classes for AuthenticationHandler 
17 Mar 2026 10:21:04,586 INFO com.sismics.docs.core.service.InboxService.shutDown(InboxService.java:57) Inbox service shutting down 
17 Mar 2026 10:21:04,587 INFO com.sismics.docs.core.service.FileService.shutDown(FileService.java:44) File service shutting down 
17 Mar 2026 11:06:13,483 INFO com.sismics.util.jpa.EMF.getEntityManagerProperties(EMF.java:67) Configuring EntityManager from hibernate.properties 
17 Mar 2026 11:06:20,800 INFO com.sismics.util.jpa.DbOpenHelper.open(DbOpenHelper.java:57) Opening database and executing incremental updates 
17 Mar 2026 11:06:20,870 INFO com.sismics.util.jpa.DbOpenHelper.open(DbOpenHelper.java:106) Found database version 31, new version is 31, executing database incremental update scripts 
17 Mar 2026 11:06:20,871 INFO com.sismics.util.jpa.DbOpenHelper.open(DbOpenHelper.java:108) Database upgrade complete 
17 Mar 2026 11:06:20,876 INFO com.sismics.util.jpa.EMF.getEntityManagerProperties(EMF.java:67) Configuring EntityManager from hibernate.properties 
17 Mar 2026 11:06:40,435 INFO com.sismics.util.ClasspathScanner.findClasses(ClasspathScanner.java:48) Found 1 classes for IndexingHandler 
17 Mar 2026 11:06:41,204 INFO com.sismics.docs.core.util.indexing.LuceneIndexingHandler.initLucene(LuceneIndexingHandler.java:129) Using RAM Lucene storage 
17 Mar 2026 11:06:42,589 INFO com.sismics.docs.core.service.FileService.startUp(FileService.java:39) File service starting up 
17 Mar 2026 11:06:42,689 INFO com.sismics.docs.core.service.InboxService.startUp(InboxService.java:52) Inbox service starting up 
17 Mar 2026 11:06:42,707 INFO com.sismics.docs.core.service.FileSizeService.startUp(FileSizeService.java:30) File size service starting up 
17 Mar 2026 11:06:44,463 INFO com.sismics.docs.core.service.FileSizeService.lambda$runOneIteration$0(FileSizeService.java:50) No more file to process, stopping the service 
17 Mar 2026 11:06:44,479 INFO com.sismics.docs.core.service.FileSizeService.shutDown(FileSizeService.java:35) File size service shutting down 
17 Mar 2026 11:08:40,428 INFO com.sismics.util.ClasspathScanner.findClasses(ClasspathScanner.java:48) Found 2 classes for AuthenticationHandler 
17 Mar 2026 11:09:48,427 INFO com.sismics.docs.core.util.FileUtil.startProcessingFile(FileUtil.java:225) Processing started for file: a36407cc-1133-4bda-aac9-be4284eb04a7 
17 Mar 2026 11:09:48,473 INFO com.sismics.docs.core.listener.async.DocumentUpdatedAsyncListener.on(DocumentUpdatedAsyncListener.java:39) Document updated event: DocumentUpdatedAsyncEvent{documentId=93c40a3a-10b2-449a-b003-a65118370b36} 
17 Mar 2026 11:09:48,473 INFO com.sismics.docs.core.listener.async.FileProcessingAsyncListener.on(FileProcessingAsyncListener.java:53) File created event: FileCreatedAsyncEvent{fileId=a36407cc-1133-4bda-aac9-be4284eb04a7, language=eng} 
17 Mar 2026 11:09:49,091 INFO com.sismics.util.ClasspathScanner.findClasses(ClasspathScanner.java:48) Found 7 classes for FormatHandler 
17 Mar 2026 11:09:49,129 INFO com.sismics.docs.core.listener.async.FileProcessingAsyncListener.extractContent(FileProcessingAsyncListener.java:143) Format unhandled: text/x-python 
17 Mar 2026 11:09:49,198 INFO com.sismics.docs.core.util.FileUtil.endProcessingFile(FileUtil.java:235) Processing ended for file: a36407cc-1133-4bda-aac9-be4284eb04a7 
17 Mar 2026 11:10:18,885 INFO com.sismics.docs.core.util.FileUtil.startProcessingFile(FileUtil.java:225) Processing started for file: 90d44215-5a16-4f7f-ba60-05557ab44235 
17 Mar 2026 11:10:18,899 INFO com.sismics.docs.core.listener.async.FileProcessingAsyncListener.on(FileProcessingAsyncListener.java:53) File created event: FileCreatedAsyncEvent{fileId=90d44215-5a16-4f7f-ba60-05557ab44235, language=eng} 
17 Mar 2026 11:10:18,901 INFO com.sismics.docs.core.listener.async.DocumentUpdatedAsyncListener.on(DocumentUpdatedAsyncListener.java:39) Document updated event: DocumentUpdatedAsyncEvent{documentId=93c40a3a-10b2-449a-b003-a65118370b36} 
17 Mar 2026 11:10:20,531 WARN org.apache.fontbox.ttf.CmapSubtable.processSubtype4(CmapSubtable.java:452) cmap format 4 subtable is empty 
17 Mar 2026 11:10:20,532 WARN org.apache.fontbox.ttf.CmapSubtable.processSubtype4(CmapSubtable.java:452) cmap format 4 subtable is empty 
17 Mar 2026 11:10:20,685 WARN org.apache.fontbox.ttf.CmapSubtable.processSubtype4(CmapSubtable.java:452) cmap format 4 subtable is empty 
17 Mar 2026 11:10:20,685 WARN org.apache.fontbox.ttf.CmapSubtable.processSubtype4(CmapSubtable.java:452) cmap format 4 subtable is empty 
17 Mar 2026 11:10:20,724 WARN org.apache.fontbox.ttf.CmapSubtable.processSubtype4(CmapSubtable.java:452) cmap format 4 subtable is empty 
17 Mar 2026 11:10:20,725 WARN org.apache.fontbox.ttf.CmapSubtable.processSubtype4(CmapSubtable.java:452) cmap format 4 subtable is empty 
17 Mar 2026 11:10:20,738 WARN org.apache.fontbox.ttf.CmapSubtable.processSubtype4(CmapSubtable.java:452) cmap format 4 subtable is empty 
17 Mar 2026 11:10:20,739 WARN org.apache.fontbox.ttf.CmapSubtable.processSubtype4(CmapSubtable.java:452) cmap format 4 subtable is empty 
17 Mar 2026 11:10:20,786 WARN org.apache.fontbox.ttf.CmapSubtable.processSubtype4(CmapSubtable.java:452) cmap format 4 subtable is empty 
17 Mar 2026 11:10:20,792 WARN org.apache.fontbox.ttf.CmapSubtable.processSubtype4(CmapSubtable.java:452) cmap format 4 subtable is empty 
17 Mar 2026 11:10:21,591 INFO com.sismics.docs.core.listener.async.FileProcessingAsyncListener.extractContent(FileProcessingAsyncListener.java:176) Start extracting content from: File{id=90d44215-5a16-4f7f-ba60-05557ab44235, name=Practice3-Requirement Analysis for Teedy(2).pdf} 
17 Mar 2026 11:10:21,755 WARN org.apache.fontbox.ttf.CmapSubtable.processSubtype4(CmapSubtable.java:452) cmap format 4 subtable is empty 
17 Mar 2026 11:10:21,756 WARN org.apache.fontbox.ttf.CmapSubtable.processSubtype4(CmapSubtable.java:452) cmap format 4 subtable is empty 
17 Mar 2026 11:10:21,773 WARN org.apache.fontbox.ttf.CmapSubtable.processSubtype4(CmapSubtable.java:452) cmap format 4 subtable is empty 
17 Mar 2026 11:10:21,774 WARN org.apache.fontbox.ttf.CmapSubtable.processSubtype4(CmapSubtable.java:452) cmap format 4 subtable is empty 
17 Mar 2026 11:10:21,782 WARN org.apache.fontbox.ttf.CmapSubtable.processSubtype4(CmapSubtable.java:452) cmap format 4 subtable is empty 
17 Mar 2026 11:10:21,783 WARN org.apache.fontbox.ttf.CmapSubtable.processSubtype4(CmapSubtable.java:452) cmap format 4 subtable is empty 
17 Mar 2026 11:10:21,788 WARN org.apache.fontbox.ttf.CmapSubtable.processSubtype4(CmapSubtable.java:452) cmap format 4 subtable is empty 
17 Mar 2026 11:10:21,789 WARN org.apache.fontbox.ttf.CmapSubtable.processSubtype4(CmapSubtable.java:452) cmap format 4 subtable is empty 
17 Mar 2026 11:10:21,808 WARN org.apache.fontbox.ttf.CmapSubtable.processSubtype4(CmapSubtable.java:452) cmap format 4 subtable is empty 
17 Mar 2026 11:10:21,809 WARN org.apache.fontbox.ttf.CmapSubtable.processSubtype4(CmapSubtable.java:452) cmap format 4 subtable is empty 
17 Mar 2026 11:10:21,971 WARN org.apache.fontbox.ttf.CmapSubtable.processSubtype4(CmapSubtable.java:452) cmap format 4 subtable is empty 
17 Mar 2026 11:10:22,012 INFO com.sismics.docs.core.listener.async.FileProcessingAsyncListener.extractContent(FileProcessingAsyncListener.java:182) File content extracted in 421ms: 90d44215-5a16-4f7f-ba60-05557ab44235 
17 Mar 2026 11:10:22,110 INFO com.sismics.docs.core.util.FileUtil.endProcessingFile(FileUtil.java:235) Processing ended for file: 90d44215-5a16-4f7f-ba60-05557ab44235 
17 Mar 2026 12:06:28,095 INFO com.sismics.docs.core.service.InboxService.shutDown(InboxService.java:57) Inbox service shutting down 
17 Mar 2026 12:06:28,097 INFO com.sismics.docs.core.service.FileService.shutDown(FileService.java:44) File service shutting down 
